transport,run_id,time_s,phase,phase_time_s,target_throughput_msg_s,delivery_throughput_msg_s,p50_latency_ms,p95_latency_ms,p99_latency_ms,avg_latency_ms,cpu_cores,memory_gb,network_rx_gbps,network_tx_gbps
zenoh,fanout_bursty_20260612_180055_zenoh_p128_s1000_u10_bursty,0,baseline,0,20000,21998.88,2.2443,3.794533,4.135935,2.248217,0.7531,0.053975,0.0116,0.04
zenoh,fanout_bursty_20260612_180055_zenoh_p128_s1000_u10_bursty,1,baseline,1,20000,20004.9,2.213989,3.677388,3.917004,2.209722,0.7531,0.053975,0.0116,0.04
zenoh,fanout_bursty_20260612_180055_zenoh_p128_s1000_u10_bursty,2,baseline,2,20000,20001,2.246962,3.726745,3.969433,2.240995,0.7531,0.053975,0.0116,0.04
zenoh,fanout_bursty_20260612_180055_zenoh_p128_s1000_u10_bursty,3,baseline,3,20000,19997.49,2.191154,3.671244,3.922738,2.194376,0.7531,0.053975,0.0116,0.04
zenoh,fanout_bursty_20260612_180055_zenoh_p128_s1000_u10_bursty,4,baseline,4,20000,19999.09,2.223615,3.731865,4.069989,2.221622,0.5353,0.05374,0.008,0.026667
zenoh,fanout_bursty_20260612_180055_zenoh_p128_s1000_u10_bursty,5,baseline,5,20000,19999.02,2.216345,3.677593,3.968818,2.211523,0.5353,0.05374,0.008,0.026667
zenoh,fanout_bursty_20260612_180055_zenoh_p128_s1000_u10_bursty,6,baseline,6,20000,19999.31,2.298162,3.896729,4.586905,2.307597,0.6797,0.05376,0.0116,0.04
zenoh,fanout_bursty_20260612_180055_zenoh_p128_s1000_u10_bursty,7,baseline,7,20000,20003.88,2.291404,3.870719,5.241036,2.333065,0.6797,0.05376,0.0116,0.04
zenoh,fanout_bursty_20260612_180055_zenoh_p128_s1000_u10_bursty,8,baseline,8,20000,19996.86,2.224537,3.701145,4.053401,2.224923,0.4875,0.053779,0.0116,0.036
zenoh,fanout_bursty_20260612_180055_zenoh_p128_s1000_u10_bursty,9,baseline,9,20000,19999.76,2.241433,3.762585,4.080025,2.23814,0.4875,0.053779,0.0116,0.036
zenoh,fanout_bursty_20260612_180055_zenoh_p128_s1000_u10_bursty,10,baseline,10,20000,20003.12,2.261401,3.754393,3.974348,2.258726,0.7857,0.05376,0.0116,0.04
zenoh,fanout_bursty_20260612_180055_zenoh_p128_s1000_u10_bursty,11,baseline,11,20000,20001.44,2.242866,3.742514,3.970047,2.236482,0.7857,0.05376,0.0116,0.04
zenoh,fanout_bursty_20260612_180055_zenoh_p128_s1000_u10_bursty,12,baseline,12,20000,19996.27,2.420837,3.991551,4.395417,2.410444,0.7542,0.053818,0.0116,0.04
zenoh,fanout_bursty_20260612_180055_zenoh_p128_s1000_u10_bursty,13,baseline,13,20000,19997.68,2.285157,3.832831,4.133887,2.277609,0.7542,0.053818,0.0116,0.04
zenoh,fanout_bursty_20260612_180055_zenoh_p128_s1000_u10_bursty,14,baseline,14,20000,19999.02,1.593241,3.685785,4.074495,1.802402,0.8035,0.053711,0.0116,0.04
zenoh,fanout_bursty_20260612_180055_zenoh_p128_s1000_u10_bursty,15,baseline,15,20000,20003.64,1.097727,1.741823,1.872588,1.10266,0.8035,0.053711,0.0116,0.04
zenoh,fanout_bursty_20260612_180055_zenoh_p128_s1000_u10_bursty,16,baseline,16,20000,19999.69,1.214668,3.158629,3.880754,1.364747,0.8527,0.053672,0.0116,0.036
zenoh,fanout_bursty_20260612_180055_zenoh_p128_s1000_u10_bursty,17,baseline,17,20000,20000.1,1.776844,3.700735,4.084121,1.939889,0.8527,0.053672,0.0116,0.036
zenoh,fanout_bursty_20260612_180055_zenoh_p128_s1000_u10_bursty,18,baseline,18,20000,19999.62,2.274303,3.776921,4.024729,2.268376,0.8646,0.053623,0.0116,0.04
zenoh,fanout_bursty_20260612_180055_zenoh_p128_s1000_u10_bursty,19,baseline,19,20000,19999.91,2.234162,3.754597,3.977625,2.227146,0.8646,0.053623,0.0116,0.04
zenoh,fanout_bursty_20260612_180055_zenoh_p128_s1000_u10_bursty,20,baseline,20,20000,20000.36,2.202725,3.696639,3.954482,2.199784,0.824,0.054072,0.0116,0.04
zenoh,fanout_bursty_20260612_180055_zenoh_p128_s1000_u10_bursty,21,baseline,21,20000,20002.51,2.205593,3.739852,4.007935,2.204709,0.824,0.054072,0.0116,0.04
zenoh,fanout_bursty_20260612_180055_zenoh_p128_s1000_u10_bursty,22,baseline,22,20000,19998.44,2.227301,3.789004,4.104601,2.23538,0.8161,0.053975,0.0116,0.04
zenoh,fanout_bursty_20260612_180055_zenoh_p128_s1000_u10_bursty,23,baseline,23,20000,19997.34,2.352434,3.945676,4.349746,2.356326,0.8161,0.053975,0.0116,0.04
zenoh,fanout_bursty_20260612_180055_zenoh_p128_s1000_u10_bursty,24,baseline,24,20000,19999.96,2.260889,3.79822,4.056473,2.259748,0.8147,0.054004,0.0116,0.04
zenoh,fanout_bursty_20260612_180055_zenoh_p128_s1000_u10_bursty,25,baseline,25,20000,20003.52,2.293554,3.822181,4.195532,2.294688,0.8147,0.054004,0.0116,0.04
zenoh,fanout_bursty_20260612_180055_zenoh_p128_s1000_u10_bursty,26,baseline,26,20000,19997.72,2.309017,3.924581,4.527103,2.321728,0.8147,0.054004,0.0116,0.04
zenoh,fanout_bursty_20260612_180055_zenoh_p128_s1000_u10_bursty,27,baseline,27,20000,19999.06,2.399333,3.940965,4.261477,2.391552,0.8914,0.053848,0.007733,0.024
zenoh,fanout_bursty_20260612_180055_zenoh_p128_s1000_u10_bursty,28,baseline,28,20000,19999.97,2.418585,4.071833,4.739071,2.430048,0.8914,0.053848,0.007733,0.024
zenoh,fanout_bursty_20260612_180055_zenoh_p128_s1000_u10_bursty,29,baseline,29,20000,20002.53,2.393292,4.04398,5.383986,2.422585,0.8333,0.053945,0.0116,0.04
zenoh,fanout_bursty_20260612_180055_zenoh_p128_s1000_u10_bursty,30,baseline,30,20000,19999.17,2.366873,4.030873,4.830207,2.384474,0.8333,0.053945,0.0116,0.04
zenoh,fanout_bursty_20260612_180055_zenoh_p128_s1000_u10_bursty,31,baseline,31,20000,19998.78,2.426265,6.707199,9.131212,2.714305,0.8411,0.05376,0.0124,0.04
zenoh,fanout_bursty_20260612_180055_zenoh_p128_s1000_u10_bursty,32,baseline,32,20000,20004.64,2.385714,4.023909,5.418393,2.419726,0.8411,0.05376,0.0124,0.04
zenoh,fanout_bursty_20260612_180055_zenoh_p128_s1000_u10_bursty,33,baseline,33,20000,19998.61,2.396364,4.280729,7.117413,2.508164,0.7975,0.05376,0.012,0.036
zenoh,fanout_bursty_20260612_180055_zenoh_p128_s1000_u10_bursty,34,baseline,34,20000,19999.67,2.347929,3.934617,4.653669,2.356391,0.7975,0.05376,0.012,0.036
zenoh,fanout_bursty_20260612_180055_zenoh_p128_s1000_u10_bursty,35,baseline,35,20000,19993.8,2.394111,3.94629,4.22789,2.390524,0.4182,0.053906,0.012,0.04
zenoh,fanout_bursty_20260612_180055_zenoh_p128_s1000_u10_bursty,36,baseline,36,20000,20006.55,2.401177,3.988274,4.549426,2.40336,0.4182,0.053906,0.012,0.04
zenoh,fanout_bursty_20260612_180055_zenoh_p128_s1000_u10_bursty,37,baseline,37,20000,19997.78,2.299903,3.989093,5.081292,2.333026,0.8619,0.053965,0.008,0.04
zenoh,fanout_bursty_20260612_180055_zenoh_p128_s1000_u10_bursty,38,baseline,38,20000,19999.51,2.332261,4.158463,5.881445,2.397388,0.8619,0.053965,0.008,0.04
zenoh,fanout_bursty_20260612_180055_zenoh_p128_s1000_u10_bursty,39,baseline,39,20000,20000.92,2.359295,4.138802,5.293874,2.389106,0.8246,0.053857,0.012,0.04
zenoh,fanout_bursty_20260612_180055_zenoh_p128_s1000_u10_bursty,40,baseline,40,20000,20002.56,2.316082,4.015103,5.440101,2.368239,0.8246,0.053857,0.012,0.04
zenoh,fanout_bursty_20260612_180055_zenoh_p128_s1000_u10_bursty,41,baseline,41,20000,19995.92,2.347929,4.252261,6.854655,2.441237,0.8224,0.054033,0.012,0.036
zenoh,fanout_bursty_20260612_180055_zenoh_p128_s1000_u10_bursty,42,baseline,42,20000,19998.36,2.332978,3.937074,5.145599,2.347979,0.8224,0.054033,0.012,0.036
zenoh,fanout_bursty_20260612_180055_zenoh_p128_s1000_u10_bursty,43,baseline,43,20000,20002.6,2.395135,4.248165,6.437887,2.481624,0.8137,0.054043,0.012,0.04
zenoh,fanout_bursty_20260612_180055_zenoh_p128_s1000_u10_bursty,44,baseline,44,20000,19999.38,2.339225,4.117298,5.666201,2.389893,0.8137,0.054043,0.012,0.04
zenoh,fanout_bursty_20260612_180055_zenoh_p128_s1000_u10_bursty,45,baseline,45,20000,20002.34,2.340351,3.917004,4.423679,2.345515,0.8567,0.053857,0.012,0.04
zenoh,fanout_bursty_20260612_180055_zenoh_p128_s1000_u10_bursty,46,baseline,46,20000,19998.09,2.419916,4.318821,5.406105,2.466086,0.8567,0.053857,0.012,0.04
zenoh,fanout_bursty_20260612_180055_zenoh_p128_s1000_u10_bursty,47,baseline,47,20000,20003.95,2.235698,3.764018,4.457676,2.241729,0.8463,0.054023,0.012,0.036
zenoh,fanout_bursty_20260612_180055_zenoh_p128_s1000_u10_bursty,48,baseline,48,20000,19995.94,2.2827,4.241407,5.760613,2.346735,0.8463,0.054023,0.012,0.036
zenoh,fanout_bursty_20260612_180055_zenoh_p128_s1000_u10_bursty,49,baseline,49,20000,20001.85,2.480434,4.767129,7.295385,2.590021,0.8934,0.054033,0.012,0.04
zenoh,fanout_bursty_20260612_180055_zenoh_p128_s1000_u10_bursty,50,baseline,50,20000,19997.39,2.407525,4.066303,5.64101,2.441182,0.8934,0.054033,0.012,0.04
zenoh,fanout_bursty_20260612_180055_zenoh_p128_s1000_u10_bursty,51,baseline,51,20000,20001.38,2.254335,3.80805,4.152524,2.255068,0.8934,0.054033,0.012,0.04
zenoh,fanout_bursty_20260612_180055_zenoh_p128_s1000_u10_bursty,52,baseline,52,20000,19999.61,2.376396,3.90533,4.335615,2.373791,0.8962,0.05376,0.008,0.026667
zenoh,fanout_bursty_20260612_180055_zenoh_p128_s1000_u10_bursty,53,baseline,53,20000,20002.64,2.380697,4.160306,6.320332,2.454891,0.8962,0.05376,0.008,0.026667
zenoh,fanout_bursty_20260612_180055_zenoh_p128_s1000_u10_bursty,54,baseline,54,20000,19998.07,2.222386,3.699097,4.116274,2.219872,0.865,0.053975,0.012,0.04
zenoh,fanout_bursty_20260612_180055_zenoh_p128_s1000_u10_bursty,55,baseline,55,20000,20000.06,2.209791,3.7163,4.394393,2.222601,0.865,0.053975,0.012,0.04
zenoh,fanout_bursty_20260612_180055_zenoh_p128_s1000_u10_bursty,56,baseline,56,20000,20000.56,2.304409,5.311077,6.547865,2.467303,0.8543,0.053994,0.012,0.04
zenoh,fanout_bursty_20260612_180055_zenoh_p128_s1000_u10_bursty,57,baseline,57,20000,20000.46,2.2827,4.03886,4.837375,2.308636,0.8543,0.053994,0.012,0.04
zenoh,fanout_bursty_20260612_180055_zenoh_p128_s1000_u10_bursty,58,baseline,58,20000,20002.31,2.243071,3.823205,4.856421,2.264336,0.8438,0.053828,0.012,0.04
zenoh,fanout_bursty_20260612_180055_zenoh_p128_s1000_u10_bursty,59,baseline,59,20000,19997.81,2.278194,3.825049,4.328857,2.284088,0.8438,0.053828,0.012,0.04
zenoh,fanout_bursty_20260612_180055_zenoh_p128_s1000_u10_bursty,60,burst,0,6000000,3369466.92,205.193303,356.75082,376.906229,200.575121,0.8293,0.054131,0.012,0.04
zenoh,fanout_bursty_20260612_180055_zenoh_p128_s1000_u10_bursty,61,burst,1,6000000,3803188.13,535.981422,686.120813,710.780991,530.413442,0.8293,0.054131,0.012,0.04
zenoh,fanout_bursty_20260612_180055_zenoh_p128_s1000_u10_bursty,62,burst,2,6000000,3784208.39,889.351532,1030.275773,1058.775738,887.458314,0.8602,0.053867,0.008,0.036
zenoh,fanout_bursty_20260612_180055_zenoh_p128_s1000_u10_bursty,63,burst,3,6000000,3843146.99,1275.181184,1430.56335,1454.360749,1265.772721,0.8602,0.053867,0.008,0.036
zenoh,fanout_bursty_20260612_180055_zenoh_p128_s1000_u10_bursty,64,burst,4,6000000,3827113.17,1653.244424,1810.870983,1847.419837,1655.602306,0.8603,0.054023,0.012,0.04
zenoh,fanout_bursty_20260612_180055_zenoh_p128_s1000_u10_bursty,65,burst,5,6000000,3818119.64,2013.105435,2175.345147,2195.968436,2010.865534,0.8603,0.054023,0.012,0.04
zenoh,fanout_bursty_20260612_180055_zenoh_p128_s1000_u10_bursty,66,burst,6,6000000,3854221.45,2316.112388,2473.244059,2505.368362,2317.25904,0.8291,0.053994,0.012,0.04
zenoh,fanout_bursty_20260612_180055_zenoh_p128_s1000_u10_bursty,67,burst,7,6000000,3780514.26,2700.760788,2857.663767,2881.92955,2696.206936,0.8291,0.053994,0.012,0.04
zenoh,fanout_bursty_20260612_180055_zenoh_p128_s1000_u10_bursty,68,burst,8,6000000,3809320.94,3103.491667,3252.292565,3278.586284,3094.953793,0.8844,0.053994,0.012,0.04
zenoh,fanout_bursty_20260612_180055_zenoh_p128_s1000_u10_bursty,69,burst,9,6000000,3846051.64,3382.618168,3530.775144,3551.438779,3377.386683,0.8844,0.053994,0.012,0.04
zenoh,fanout_bursty_20260612_180055_zenoh_p128_s1000_u10_bursty,70,burst,10,6000000,3854391.01,3734.884911,3924.014846,3947.068828,3739.694832,0.8844,0.053994,0.012,0.04
zenoh,fanout_bursty_20260612_180055_zenoh_p128_s1000_u10_bursty,71,burst,11,6000000,3798026.97,4005.223942,4150.821093,4172.933256,3992.418529,0.8432,0.053965,0.008,0.026667
zenoh,fanout_bursty_20260612_180055_zenoh_p128_s1000_u10_bursty,72,burst,12,6000000,3810334.26,4412.756534,4588.214073,4614.319121,4393.56568,0.8432,0.053965,0.008,0.026667
zenoh,fanout_bursty_20260612_180055_zenoh_p128_s1000_u10_bursty,73,burst,13,6000000,3507335.72,4757.0496,4911.190496,4935.931847,4756.67979,0.8746,0.053867,0.012,0.036
zenoh,fanout_bursty_20260612_180055_zenoh_p128_s1000_u10_bursty,74,burst,14,6000000,3348662.78,4626.915784,4818.728436,4847.874552,4602.567789,0.8746,0.053867,0.012,0.036
zenoh,fanout_bursty_20260612_180055_zenoh_p128_s1000_u10_bursty,75,burst,15,6000000,4697094.11,5137.604945,5418.511011,5443.4907,5150.611039,0.8312,0.053965,0.012,0.04
zenoh,fanout_bursty_20260612_180055_zenoh_p128_s1000_u10_bursty,76,burst,16,6000000,3902230.74,5013.494021,5265.475145,5296.846953,4978.995047,0.8312,0.053965,0.012,0.04
zenoh,fanout_bursty_20260612_180055_zenoh_p128_s1000_u10_bursty,77,burst,17,6000000,3879023.18,5023.527903,5246.212769,5273.488846,5017.504709,0.8895,0.054004,0.012,0.04
zenoh,fanout_bursty_20260612_180055_zenoh_p128_s1000_u10_bursty,78,burst,18,6000000,3891203.62,5118.918788,5282.106576,5304.679076,5104.341452,0.8895,0.054004,0.012,0.04
zenoh,fanout_bursty_20260612_180055_zenoh_p128_s1000_u10_bursty,79,burst,19,6000000,3851434.53,5120.29696,5358.693615,5380.637943,5128.096303,1.3529,0.093809,0.02,0.396
zenoh,fanout_bursty_20260612_180055_zenoh_p128_s1000_u10_bursty,80,burst,20,6000000,3773867.74,5219.74221,5397.085705,5449.216131,5205.072024,1.3529,0.093809,0.02,0.396
zenoh,fanout_bursty_20260612_180055_zenoh_p128_s1000_u10_bursty,81,burst,21,6000000,3451446.98,5260.288008,5440.604077,5497.920654,5264.191644,3.1894,0.158789,0.104,5.072
zenoh,fanout_bursty_20260612_180055_zenoh_p128_s1000_u10_bursty,82,burst,22,6000000,3411398.74,5358.549997,5561.634904,5582.290642,5345.174102,3.1894,0.158789,0.104,5.072
zenoh,fanout_bursty_20260612_180055_zenoh_p128_s1000_u10_bursty,83,burst,23,6000000,3432312.65,5434.763835,5688.824269,5706.000224,5454.235677,3.2088,0.173437,0.1,5.12
zenoh,fanout_bursty_20260612_180055_zenoh_p128_s1000_u10_bursty,84,burst,24,6000000,3398084.36,5573.148068,5935.399183,5955.41562,5610.185004,3.2088,0.173437,0.1,5.12
zenoh,fanout_bursty_20260612_180055_zenoh_p128_s1000_u10_bursty,85,burst,25,6000000,3407864.96,5670.647658,5926.012788,5953.691649,5646.464773,3.1751,0.180859,0.092,5.16
zenoh,fanout_bursty_20260612_180055_zenoh_p128_s1000_u10_bursty,86,burst,26,6000000,3377265.75,5812.6589,5995.636731,6014.288972,5784.779412,3.1751,0.180859,0.092,5.16
zenoh,fanout_bursty_20260612_180055_zenoh_p128_s1000_u10_bursty,87,burst,27,6000000,3140283.04,5834.872858,6088.690352,6116.611128,5836.144452,3.1562,0.184375,0.084,5.04
zenoh,fanout_bursty_20260612_180055_zenoh_p128_s1000_u10_bursty,88,burst,28,6000000,3451577.29,6074.458316,6226.074418,6252.415485,6037.907183,3.1562,0.184375,0.084,5.04
zenoh,fanout_bursty_20260612_180055_zenoh_p128_s1000_u10_bursty,89,burst,29,6000000,2887244.63,6492.941672,6791.671612,6820.558759,6495.40656,3.1498,0.184375,0.08,5.08
zenoh,fanout_bursty_20260612_180055_zenoh_p128_s1000_u10_bursty,90,burst,30,6000000,3970358.14,6066.569404,6286.500375,6310.349115,6035.553867,3.1498,0.184375,0.08,5.08
zenoh,fanout_bursty_20260612_180055_zenoh_p128_s1000_u10_bursty,91,burst,31,6000000,3263937.92,6187.875421,6398.036669,6422.457049,6137.799355,3.1718,0.185547,0.072,5.08
zenoh,fanout_bursty_20260612_180055_zenoh_p128_s1000_u10_bursty,92,burst,32,6000000,3302475.53,6193.000819,6538.763564,6564.171709,6199.440733,3.1718,0.185547,0.072,5.08
zenoh,fanout_bursty_20260612_180055_zenoh_p128_s1000_u10_bursty,93,burst,33,6000000,2934374.27,6053.812644,6268.061202,6306.475154,6019.861801,3.1708,0.185645,0.072,5.08
zenoh,fanout_bursty_20260612_180055_zenoh_p128_s1000_u10_bursty,94,burst,34,6000000,3730058.79,6480.02432,6798.687044,6825.749944,6492.653688,3.1708,0.185645,0.072,5.08
zenoh,fanout_bursty_20260612_180055_zenoh_p128_s1000_u10_bursty,95,burst,35,6000000,3379170.04,6239.480733,6584.245085,6611.377643,6271.112768,3.1504,0.186719,0.072,4.96
zenoh,fanout_bursty_20260612_180055_zenoh_p128_s1000_u10_bursty,96,burst,36,6000000,3324576.12,6480.315045,6854.288022,6883.30303,6504.248633,3.1504,0.186719,0.072,4.96
zenoh,fanout_bursty_20260612_180055_zenoh_p128_s1000_u10_bursty,97,burst,37,6000000,3381480.22,6369.029717,6559.344846,6628.555958,6336.513239,3.1504,0.186719,0.072,4.96
zenoh,fanout_bursty_20260612_180055_zenoh_p128_s1000_u10_bursty,98,burst,38,6000000,3204193.12,6054.036038,6601.515692,6632.415651,6085.652851,3.1922,0.187109,0.048,3.466667
zenoh,fanout_bursty_20260612_180055_zenoh_p128_s1000_u10_bursty,99,burst,39,6000000,3566385.78,6590.091669,6891.233215,6910.309077,6512.328174,3.1922,0.187109,0.048,3.466667
zenoh,fanout_bursty_20260612_180055_zenoh_p128_s1000_u10_bursty,100,burst,40,6000000,3257924.62,6379.863848,6581.189582,6606.728235,6353.227856,3.1686,0.187988,0.072,5.2
zenoh,fanout_bursty_20260612_180055_zenoh_p128_s1000_u10_bursty,101,burst,41,6000000,3003056.3,6556.615325,6946.279759,6965.881037,6607.44168,3.1686,0.187988,0.072,5.2
zenoh,fanout_bursty_20260612_180055_zenoh_p128_s1000_u10_bursty,102,burst,42,6000000,2806350.22,6576.239455,6872.973867,6894.1079,6544.287138,3.0083,0.188477,0.072,4.4
zenoh,fanout_bursty_20260612_180055_zenoh_p128_s1000_u10_bursty,103,burst,43,6000000,2971372.04,6585.171127,6837.60166,6856.549964,6532.96787,3.0083,0.188477,0.072,4.4
zenoh,fanout_bursty_20260612_180055_zenoh_p128_s1000_u10_bursty,104,burst,44,6000000,2955468.44,6965.957076,7147.750718,7167.547516,6934.319262,3.0465,0.187891,0.064,4.4
zenoh,fanout_bursty_20260612_180055_zenoh_p128_s1000_u10_bursty,105,burst,45,6000000,2867507.47,6925.983028,7245.797633,7269.451506,6949.947411,3.0465,0.187891,0.064,4.4
zenoh,fanout_bursty_20260612_180055_zenoh_p128_s1000_u10_bursty,106,burst,46,6000000,2961306.77,6870.226546,7330.851826,7350.110888,6947.323046,3.0565,0.189941,0.068,4.8
zenoh,fanout_bursty_20260612_180055_zenoh_p128_s1000_u10_bursty,107,burst,47,6000000,3813285.01,6972.56781,7284.824097,7309.943524,6980.615317,3.0565,0.189941,0.068,4.8
zenoh,fanout_bursty_20260612_180055_zenoh_p128_s1000_u10_bursty,108,burst,48,6000000,3904295.48,7147.232271,7512.574105,7596.514381,7105.863475,3.0294,0.191992,0.068,4.4
zenoh,fanout_bursty_20260612_180055_zenoh_p128_s1000_u10_bursty,109,burst,49,6000000,3957694.24,6593.558971,7017.635793,7048.044296,6607.666623,3.0294,0.191992,0.068,4.4
zenoh,fanout_bursty_20260612_180055_zenoh_p128_s1000_u10_bursty,110,burst,50,6000000,3888133.9,6204.439545,6547.763031,6642.691427,6207.975633,3.0249,0.189746,0.068,4.4
zenoh,fanout_bursty_20260612_180055_zenoh_p128_s1000_u10_bursty,111,burst,51,6000000,3937551.48,5872.195223,6415.315008,6439.841949,5937.156871,3.0249,0.189746,0.068,4.4
zenoh,fanout_bursty_20260612_180055_zenoh_p128_s1000_u10_bursty,112,burst,52,6000000,3870868.19,5741.194637,5981.851499,6123.358167,5646.587604,3.0493,0.189844,0.068,4.4
zenoh,fanout_bursty_20260612_180055_zenoh_p128_s1000_u10_bursty,113,burst,53,6000000,3941502.08,5548.393389,5750.98518,5775.233233,5512.220575,3.0493,0.189844,0.068,4.4
zenoh,fanout_bursty_20260612_180055_zenoh_p128_s1000_u10_bursty,114,burst,54,6000000,3822737.82,5593.265077,5825.489813,5852.403189,5574.891573,3.0257,0.189355,0.068,4.4
zenoh,fanout_bursty_20260612_180055_zenoh_p128_s1000_u10_bursty,115,burst,55,6000000,3945376.59,5686.868491,5914.399982,5943.027195,5670.125432,3.0257,0.189355,0.068,4.4
zenoh,fanout_bursty_20260612_180055_zenoh_p128_s1000_u10_bursty,116,burst,56,6000000,3866683.13,5643.335617,5880.525413,5907.224778,5643.326969,3.0308,0.190039,0.068,4.4
zenoh,fanout_bursty_20260612_180055_zenoh_p128_s1000_u10_bursty,117,burst,57,6000000,3932283.55,5811.188376,6108.540307,6132.650081,5785.536085,3.0308,0.190039,0.068,4.4
zenoh,fanout_bursty_20260612_180055_zenoh_p128_s1000_u10_bursty,118,burst,58,6000000,3309043.33,5703.65829,5908.865324,5930.334284,5686.009888,3.0374,0.189844,0.068,4.4
zenoh,fanout_bursty_20260612_180055_zenoh_p128_s1000_u10_bursty,119,burst,59,6000000,4217380.13,5491.728606,5751.892955,5777.708783,5505.120886,3.0374,0.189844,0.068,4.4
zenoh,fanout_bursty_20260612_180055_zenoh_p128_s1000_u10_bursty,120,burst,60,6000000,3592492.92,5725.912329,5959.209935,5979.217437,5721.443932,3.0048,0.189941,0.064,4.4
zenoh,fanout_bursty_20260612_180055_zenoh_p128_s1000_u10_bursty,121,burst,61,6000000,3782837.38,5677.942772,5906.395594,6095.818252,5654.375073,3.0048,0.189941,0.064,4.4
zenoh,fanout_bursty_20260612_180055_zenoh_p128_s1000_u10_bursty,122,burst,62,6000000,3921415.9,5813.389376,6136.882552,6159.771834,5795.787455,2.9759,0.189746,0.064,3.6
zenoh,fanout_bursty_20260612_180055_zenoh_p128_s1000_u10_bursty,123,burst,63,6000000,4359291.87,5610.258101,5949.205711,5978.441255,5611.657916,2.9759,0.189746,0.064,3.6
zenoh,fanout_bursty_20260612_180055_zenoh_p128_s1000_u10_bursty,124,burst,64,6000000,4034908.77,5642.939613,5831.670084,5856.540474,5605.734256,2.9721,0.189355,0.064,4
zenoh,fanout_bursty_20260612_180055_zenoh_p128_s1000_u10_bursty,125,burst,65,6000000,3474147.6,5646.875375,5948.777732,5971.441957,5645.097987,2.9721,0.189355,0.064,4
zenoh,fanout_bursty_20260612_180055_zenoh_p128_s1000_u10_bursty,126,burst,66,6000000,3854038.48,5911.665217,6220.838746,6251.403693,5902.506619,3.1115,0.193457,0.068,4.4
zenoh,fanout_bursty_20260612_180055_zenoh_p128_s1000_u10_bursty,127,burst,67,6000000,3660333.9,5818.62166,5987.960028,6010.675806,5799.094238,3.1115,0.193457,0.068,4.4
zenoh,fanout_bursty_20260612_180055_zenoh_p128_s1000_u10_bursty,128,burst,68,6000000,3838770.29,5862.383304,6084.525507,6110.770274,5853.530858,3.1889,0.193652,0.076,5.2
zenoh,fanout_bursty_20260612_180055_zenoh_p128_s1000_u10_bursty,129,burst,69,6000000,4994919.14,5464.631171,5666.849598,5693.165968,5445.719344,3.1889,0.193652,0.076,5.2
zenoh,fanout_bursty_20260612_180055_zenoh_p128_s1000_u10_bursty,130,burst,70,6000000,3895098.93,5583.506351,5872.937064,5905.296654,5590.315134,3.1658,0.193164,0.072,5.2
zenoh,fanout_bursty_20260612_180055_zenoh_p128_s1000_u10_bursty,131,burst,71,6000000,3840655.83,5772.364302,5994.997833,6016.464171,5722.563994,3.1658,0.193164,0.072,5.2
zenoh,fanout_bursty_20260612_180055_zenoh_p128_s1000_u10_bursty,132,burst,72,6000000,3907911.39,5620.910351,5834.263366,5857.072278,5595.487427,3.1658,0.193164,0.072,5.2
zenoh,fanout_bursty_20260612_180055_zenoh_p128_s1000_u10_bursty,133,burst,73,6000000,3864183.11,5558.276839,5808.028123,5834.042916,5550.776855,3.1646,0.193262,0.050667,3.466667
zenoh,fanout_bursty_20260612_180055_zenoh_p128_s1000_u10_bursty,134,burst,74,6000000,3923238.79,5810.935042,5956.737781,5979.739486,5746.871041,3.1646,0.193262,0.050667,3.466667
zenoh,fanout_bursty_20260612_180055_zenoh_p128_s1000_u10_bursty,135,burst,75,6000000,3933757.34,5797.537204,6110.32864,6152.294076,5808.606515,3.1742,0.191602,0.072,5.2
zenoh,fanout_bursty_20260612_180055_zenoh_p128_s1000_u10_bursty,136,burst,76,6000000,3878548.11,5809.249718,5973.070894,5993.83286,5762.632357,3.1742,0.191602,0.072,5.2
zenoh,fanout_bursty_20260612_180055_zenoh_p128_s1000_u10_bursty,137,burst,77,6000000,3885471.55,5867.399743,6120.698932,6142.324945,5869.557965,3.1744,0.19209,0.072,5.2
zenoh,fanout_bursty_20260612_180055_zenoh_p128_s1000_u10_bursty,138,burst,78,6000000,3875965.56,5935.555763,6150.433951,6172.002279,5890.613495,3.1744,0.19209,0.072,5.2
zenoh,fanout_bursty_20260612_180055_zenoh_p128_s1000_u10_bursty,139,burst,79,6000000,3837264.16,5918.415909,6084.850771,6108.609636,5889.102971,3.149,0.191309,0.072,5.2
zenoh,fanout_bursty_20260612_180055_zenoh_p128_s1000_u10_bursty,140,burst,80,6000000,3923652.38,5928.29723,6150.562321,6176.482938,5885.543237,3.149,0.191309,0.072,5.2
zenoh,fanout_bursty_20260612_180055_zenoh_p128_s1000_u10_bursty,141,burst,81,6000000,3825180.58,5808.193653,6132.201314,6156.221173,5851.724906,3.1616,0.191504,0.076,5.2
zenoh,fanout_bursty_20260612_180055_zenoh_p128_s1000_u10_bursty,142,burst,82,6000000,3833727.06,5868.917333,6086.730144,6120.200502,5829.682601,3.1616,0.191504,0.076,5.2
zenoh,fanout_bursty_20260612_180055_zenoh_p128_s1000_u10_bursty,143,burst,83,6000000,3866341.77,6020.740886,6164.94724,6188.762645,5956.358612,3.1842,0.191406,0.072,4.8
zenoh,fanout_bursty_20260612_180055_zenoh_p128_s1000_u10_bursty,144,burst,84,6000000,3892855.8,5998.328978,6203.064005,6228.882443,5987.050406,3.1842,0.191406,0.072,4.8
zenoh,fanout_bursty_20260612_180055_zenoh_p128_s1000_u10_bursty,145,burst,85,6000000,3910625.65,5905.03881,6205.459048,6231.393086,5910.744978,3.2069,0.192871,0.072,5.2
zenoh,fanout_bursty_20260612_180055_zenoh_p128_s1000_u10_bursty,146,burst,86,6000000,3805797.54,5959.002455,6164.890794,6190.473434,5934.862559,3.2069,0.192871,0.072,5.2
zenoh,fanout_bursty_20260612_180055_zenoh_p128_s1000_u10_bursty,147,burst,87,6000000,3848134.63,6020.840955,6216.927946,6238.538482,5983.380447,3.1805,0.192188,0.076,5.2
zenoh,fanout_bursty_20260612_180055_zenoh_p128_s1000_u10_bursty,148,burst,88,6000000,3781355.53,5958.037895,6200.78271,6258.068237,5972.849572,3.1805,0.192188,0.076,5.2
zenoh,fanout_bursty_20260612_180055_zenoh_p128_s1000_u10_bursty,149,burst,89,6000000,3854467.21,5815.05302,6305.050806,6330.195752,5910.151194,3.1936,0.193945,0.072,5.2
zenoh,fanout_bursty_20260612_180055_zenoh_p128_s1000_u10_bursty,150,burst,90,6000000,3846557.22,5978.687036,6259.561527,6284.649548,5974.545419,3.1936,0.193945,0.072,5.2
zenoh,fanout_bursty_20260612_180055_zenoh_p128_s1000_u10_bursty,151,burst,91,6000000,3844630.5,5835.388499,6146.907232,6171.2984,5843.70691,3.1768,0.191406,0.076,5.2
zenoh,fanout_bursty_20260612_180055_zenoh_p128_s1000_u10_bursty,152,burst,92,6000000,3779807.66,5702.940988,6093.634875,6117.738857,5781.434971,3.1768,0.191406,0.076,5.2
zenoh,fanout_bursty_20260612_180055_zenoh_p128_s1000_u10_bursty,153,burst,93,6000000,3870211.35,6042.812661,6353.268555,6384.595414,6035.628548,3.1866,0.191797,0.072,5.2
zenoh,fanout_bursty_20260612_180055_zenoh_p128_s1000_u10_bursty,154,burst,94,6000000,3832692.26,6130.325929,6357.667177,6385.349444,6131.374727,3.1866,0.191797,0.072,5.2
zenoh,fanout_bursty_20260612_180055_zenoh_p128_s1000_u10_bursty,155,burst,95,6000000,3949604.18,6249.651311,6571.313669,6598.024231,6259.528197,3.1901,0.192676,0.072,5.2
zenoh,fanout_bursty_20260612_180055_zenoh_p128_s1000_u10_bursty,156,burst,96,6000000,3887696.7,6119.685607,6326.429142,6353.80553,6095.545076,3.1901,0.192676,0.072,5.2
zenoh,fanout_bursty_20260612_180055_zenoh_p128_s1000_u10_bursty,157,burst,97,6000000,3839427.99,5912.606159,6301.846808,6321.661726,5974.375772,3.1704,0.193164,0.072,5.2
zenoh,fanout_bursty_20260612_180055_zenoh_p128_s1000_u10_bursty,158,burst,98,6000000,3954023.23,6061.059002,6296.144587,6327.274743,6066.679521,3.1704,0.193164,0.072,5.2
zenoh,fanout_bursty_20260612_180055_zenoh_p128_s1000_u10_bursty,159,burst,99,6000000,3913993.52,5966.31151,6298.428227,6325.21283,6034.98135,3.1875,0.194727,0.076,4.8
zenoh,fanout_bursty_20260612_180055_zenoh_p128_s1000_u10_bursty,160,burst,100,6000000,3899174.31,5985.598762,6311.164769,6335.702049,6015.531738,3.1875,0.194727,0.076,4.8
zenoh,fanout_bursty_20260612_180055_zenoh_p128_s1000_u10_bursty,161,burst,101,6000000,3876227,5908.248044,6169.748314,6195.750238,5895.92548,3.1655,0.194336,0.072,5.2
zenoh,fanout_bursty_20260612_180055_zenoh_p128_s1000_u10_bursty,162,burst,102,6000000,3883762.83,6006.300933,6255.967195,6278.80655,5989.234702,3.1655,0.194336,0.072,5.2
zenoh,fanout_bursty_20260612_180055_zenoh_p128_s1000_u10_bursty,163,burst,103,6000000,3844842.55,6063.770919,6321.175976,6341.921199,6076.234969,3.1755,0.193164,0.076,5.2
zenoh,fanout_bursty_20260612_180055_zenoh_p128_s1000_u10_bursty,164,burst,104,6000000,3902931.3,5988.697654,6335.622642,6418.571189,6024.435457,3.1755,0.193164,0.076,5.2
zenoh,fanout_bursty_20260612_180055_zenoh_p128_s1000_u10_bursty,165,burst,105,6000000,3923877.1,6067.041556,6212.373908,6235.994843,6001.480303,3.1786,0.191797,0.072,5.2
zenoh,fanout_bursty_20260612_180055_zenoh_p128_s1000_u10_bursty,166,burst,106,6000000,3903768.38,5996.976787,6233.080921,6257.498655,5939.978458,3.1786,0.191797,0.072,5.2
zenoh,fanout_bursty_20260612_180055_zenoh_p128_s1000_u10_bursty,167,burst,107,6000000,3913703.09,5971.150215,6252.691265,6279.433304,5984.275852,3.1786,0.191797,0.072,5.2
zenoh,fanout_bursty_20260612_180055_zenoh_p128_s1000_u10_bursty,168,burst,108,6000000,3973793.59,6075.594961,6273.317033,6295.785168,6031.715189,3.1647,0.191309,0.048,3.466667
zenoh,fanout_bursty_20260612_180055_zenoh_p128_s1000_u10_bursty,169,burst,109,6000000,3825911.92,5985.234076,6258.173687,6281.237773,5988.125059,3.1647,0.191309,0.048,3.466667
zenoh,fanout_bursty_20260612_180055_zenoh_p128_s1000_u10_bursty,170,burst,110,6000000,3940430.09,6137.07989,6376.095906,6396.821467,6093.72683,3.1751,0.19209,0.072,4.8
zenoh,fanout_bursty_20260612_180055_zenoh_p128_s1000_u10_bursty,171,burst,111,6000000,3927944.13,5961.452943,6292.074355,6317.644603,5966.671533,3.1751,0.19209,0.072,4.8
zenoh,fanout_bursty_20260612_180055_zenoh_p128_s1000_u10_bursty,172,burst,112,6000000,3873553.12,5809.033104,6106.450723,6144.557118,5841.84713,3.1676,0.191895,0.076,5.2
zenoh,fanout_bursty_20260612_180055_zenoh_p128_s1000_u10_bursty,173,burst,113,6000000,3879225.46,6108.590163,6317.905828,6345.526995,6058.948712,3.1676,0.191895,0.076,5.2
zenoh,fanout_bursty_20260612_180055_zenoh_p128_s1000_u10_bursty,174,burst,114,6000000,3949273.75,6097.259523,6235.100514,6262.562248,6051.320154,3.1759,0.19209,0.088,5.2
zenoh,fanout_bursty_20260612_180055_zenoh_p128_s1000_u10_bursty,175,burst,115,6000000,3868652.93,6054.19571,6239.882132,6378.554041,6056.595057,3.1759,0.19209,0.088,5.2
zenoh,fanout_bursty_20260612_180055_zenoh_p128_s1000_u10_bursty,176,burst,116,6000000,3642230.58,5851.368431,6260.536925,6289.051739,5881.138579,3.1812,0.192188,0.04,5.2
zenoh,fanout_bursty_20260612_180055_zenoh_p128_s1000_u10_bursty,177,burst,117,6000000,3527867.65,5897.129812,6188.042135,6211.038057,5927.969265,3.1812,0.192188,0.04,5.2
zenoh,fanout_bursty_20260612_180055_zenoh_p128_s1000_u10_bursty,178,burst,118,6000000,4128474.8,6496.136219,6753.58825,6776.321943,6452.738793,3.1648,0.191992,0.08,5.2
zenoh,fanout_bursty_20260612_180055_zenoh_p128_s1000_u10_bursty,179,burst,119,6000000,3680446.3,5996.572102,6303.976213,6333.117865,5997.822121,3.1648,0.191992,0.08,5.2
zenoh,fanout_bursty_20260612_180055_zenoh_p128_s1000_u10_bursty,180,recovery,0,20000,4155598.63,6037.285157,6309.985337,6336.372512,6044.880406,3.1895,0.191797,0.08,5.2
zenoh,fanout_bursty_20260612_180055_zenoh_p128_s1000_u10_bursty,181,recovery,1,20000,6929954.42,6107.85435,6411.156914,6439.104138,6125.295523,3.1895,0.191797,0.08,5.2
zenoh,fanout_bursty_20260612_180055_zenoh_p128_s1000_u10_bursty,182,recovery,2,20000,5501993.55,5889.134516,6197.748992,6225.095,5898.252657,3.1907,0.192188,0.08,5.2
zenoh,fanout_bursty_20260612_180055_zenoh_p128_s1000_u10_bursty,183,recovery,3,20000,3891896.33,5938.873377,6222.026928,6248.627255,5917.020297,3.1907,0.192188,0.08,5.2
zenoh,fanout_bursty_20260612_180055_zenoh_p128_s1000_u10_bursty,184,recovery,4,20000,3534650.86,5874.991354,6158.627813,6186.207763,5883.652035,3.1619,0.194043,0.08,5.2
zenoh,fanout_bursty_20260612_180055_zenoh_p128_s1000_u10_bursty,185,recovery,5,20000,4303549.13,6449.784167,6673.141424,6703.772451,6411.413584,3.1619,0.194043,0.08,5.2
zenoh,fanout_bursty_20260612_180055_zenoh_p128_s1000_u10_bursty,186,recovery,6,20000,727717.61,6159.217922,6526.950805,6552.862939,5921.545895,3.2041,0.191699,0.08,5.2
zenoh,fanout_bursty_20260612_180055_zenoh_p128_s1000_u10_bursty,187,recovery,7,20000,251414.93,5272.668868,5326.829518,5346.193369,5012.694695,3.2041,0.191699,0.08,5.2
zenoh,fanout_bursty_20260612_180055_zenoh_p128_s1000_u10_bursty,188,recovery,8,20000,19997.83,2.266111,3.868261,4.597349,2.279366,3.1626,0.192969,0.04,5.2
zenoh,fanout_bursty_20260612_180055_zenoh_p128_s1000_u10_bursty,189,recovery,9,20000,20001.45,2.261503,3.993804,4.749106,2.283293,3.1626,0.192969,0.04,5.2
zenoh,fanout_bursty_20260612_180055_zenoh_p128_s1000_u10_bursty,190,recovery,10,20000,19999.88,2.198015,3.781836,4.887551,2.218726,3.1497,0.19248,0.08,5.2
zenoh,fanout_bursty_20260612_180055_zenoh_p128_s1000_u10_bursty,191,recovery,11,20000,19998.02,2.216345,3.724082,4.004863,2.213781,3.1497,0.19248,0.08,5.2
zenoh,fanout_bursty_20260612_180055_zenoh_p128_s1000_u10_bursty,192,recovery,12,20000,20000.19,2.210098,3.895705,5.360844,2.244018,3.154,0.191699,0.08,4.8
zenoh,fanout_bursty_20260612_180055_zenoh_p128_s1000_u10_bursty,193,recovery,13,20000,19997.63,2.088549,3.563109,3.868057,2.087195,3.154,0.191699,0.08,4.8
zenoh,fanout_bursty_20260612_180055_zenoh_p128_s1000_u10_bursty,194,recovery,14,20000,20003.27,2.129509,3.63397,3.930316,2.130554,3.1718,0.19209,0.08,5.2
zenoh,fanout_bursty_20260612_180055_zenoh_p128_s1000_u10_bursty,195,recovery,15,20000,20000.74,2.127871,3.607756,3.932773,2.125932,3.1718,0.19209,0.08,5.2
zenoh,fanout_bursty_20260612_180055_zenoh_p128_s1000_u10_bursty,196,recovery,16,20000,20000.77,2.152242,3.641753,4.296293,2.15637,3.1538,0.191992,0.08,5.2
zenoh,fanout_bursty_20260612_180055_zenoh_p128_s1000_u10_bursty,197,recovery,17,20000,19999.76,2.08558,3.538943,3.804978,2.08121,3.1538,0.191992,0.08,5.2
zenoh,fanout_bursty_20260612_180055_zenoh_p128_s1000_u10_bursty,198,recovery,18,20000,20001.63,2.07493,3.589119,3.883826,2.074753,3.1821,0.19248,0.08,5.2
zenoh,fanout_bursty_20260612_180055_zenoh_p128_s1000_u10_bursty,199,recovery,19,20000,19999.32,2.097663,3.590553,3.922943,2.095961,3.1821,0.19248,0.08,5.2
zenoh,fanout_bursty_20260612_180055_zenoh_p128_s1000_u10_bursty,200,recovery,20,20000,19997.16,2.148351,3.627007,3.917413,2.148297,3.1821,0.19248,0.08,5.2
zenoh,fanout_bursty_20260612_180055_zenoh_p128_s1000_u10_bursty,201,recovery,21,20000,20003.71,1.85774,3.519897,3.883212,1.949514,3.1786,0.191602,0.053333,3.466667
zenoh,fanout_bursty_20260612_180055_zenoh_p128_s1000_u10_bursty,202,recovery,22,20000,19998.47,2.068581,3.632946,3.98213,2.092887,3.1786,0.191602,0.053333,3.466667
zenoh,fanout_bursty_20260612_180055_zenoh_p128_s1000_u10_bursty,203,recovery,23,20000,19999.24,2.112511,3.594444,3.91557,2.112227,3.1742,0.181934,0,5.2
zenoh,fanout_bursty_20260612_180055_zenoh_p128_s1000_u10_bursty,204,recovery,24,20000,19999.22,2.303282,4.095385,5.090713,2.328746,3.1742,0.181934,0,5.2
zenoh,fanout_bursty_20260612_180055_zenoh_p128_s1000_u10_bursty,205,recovery,25,20000,20001.52,2.223103,3.783269,4.271513,2.232623,3.1096,0.174902,0.04,5.2
zenoh,fanout_bursty_20260612_180055_zenoh_p128_s1000_u10_bursty,206,recovery,26,20000,19998.83,2.256076,3.866009,4.379647,2.26084,3.1096,0.174902,0.04,5.2
zenoh,fanout_bursty_20260612_180055_zenoh_p128_s1000_u10_bursty,207,recovery,27,20000,19998.84,2.174975,3.65445,3.974757,2.173067,0.892,0.16875,0,0.4
zenoh,fanout_bursty_20260612_180055_zenoh_p128_s1000_u10_bursty,208,recovery,28,20000,20001.02,2.146303,3.681279,4.145561,2.151912,0.892,0.16875,0,0.4
zenoh,fanout_bursty_20260612_180055_zenoh_p128_s1000_u10_bursty,209,recovery,29,20000,19999.29,2.217369,3.837951,4.513177,2.230167,0.8534,0.168652,0.04,0
zenoh,fanout_bursty_20260612_180055_zenoh_p128_s1000_u10_bursty,210,recovery,30,20000,20000.19,2.122137,3.6907,5.237964,2.162895,0.8534,0.168652,0.04,0
zenoh,fanout_bursty_20260612_180055_zenoh_p128_s1000_u10_bursty,211,recovery,31,20000,19999.9,2.124082,3.615333,3.971071,2.120444,0.841,0.16875,0,0
zenoh,fanout_bursty_20260612_180055_zenoh_p128_s1000_u10_bursty,212,recovery,32,20000,20001.23,2.264268,4.077362,4.695449,2.284247,0.841,0.16875,0,0
zenoh,fanout_bursty_20260612_180055_zenoh_p128_s1000_u10_bursty,213,recovery,33,20000,19998.79,2.195762,3.778559,4.656741,2.20893,0.8418,0.168945,0,0
zenoh,fanout_bursty_20260612_180055_zenoh_p128_s1000_u10_bursty,214,recovery,34,20000,20002.21,2.130021,3.640319,4.179148,2.12928,0.8418,0.168945,0,0
zenoh,fanout_bursty_20260612_180055_zenoh_p128_s1000_u10_bursty,215,recovery,35,20000,19996.43,2.109644,3.582156,4.010188,2.107542,0.8344,0.168945,0.04,0
zenoh,fanout_bursty_20260612_180055_zenoh_p128_s1000_u10_bursty,216,recovery,36,20000,20002.3,2.135141,3.605913,4.006297,2.130391,0.8344,0.168945,0.04,0
zenoh,fanout_bursty_20260612_180055_zenoh_p128_s1000_u10_bursty,217,recovery,37,20000,19998.03,2.061209,3.527269,3.901029,2.067331,0.8162,0.168945,0,0
zenoh,fanout_bursty_20260612_180055_zenoh_p128_s1000_u10_bursty,218,recovery,38,20000,20001.32,2.165657,3.740466,4.554546,2.184334,0.8162,0.168945,0,0
zenoh,fanout_bursty_20260612_180055_zenoh_p128_s1000_u10_bursty,219,recovery,39,20000,20006.34,2.162789,3.758284,4.501913,2.181932,0.8489,0.16875,0,0
zenoh,fanout_bursty_20260612_180055_zenoh_p128_s1000_u10_bursty,220,recovery,40,20000,19995.54,2.206105,3.876249,5.813657,2.25415,0.8489,0.16875,0,0
zenoh,fanout_bursty_20260612_180055_zenoh_p128_s1000_u10_bursty,221,recovery,41,20000,19999.5,2.137906,3.657932,4.059135,2.135889,0.766,0.168945,0,0
zenoh,fanout_bursty_20260612_180055_zenoh_p128_s1000_u10_bursty,222,recovery,42,20000,19998.08,2.185113,3.721625,4.093541,2.182512,0.766,0.168945,0,0
zenoh,fanout_bursty_20260612_180055_zenoh_p128_s1000_u10_bursty,223,recovery,43,20000,20001.48,2.256383,3.809484,4.124057,2.258597,0.8742,0.168848,0.04,0.4
zenoh,fanout_bursty_20260612_180055_zenoh_p128_s1000_u10_bursty,224,recovery,44,20000,20002.89,2.169445,3.704421,4.073061,2.164431,0.8742,0.168848,0.04,0.4
zenoh,fanout_bursty_20260612_180055_zenoh_p128_s1000_u10_bursty,225,recovery,45,20000,19997.11,2.208665,3.7419,4.048895,2.205567,0.8278,0.168652,0,0
zenoh,fanout_bursty_20260612_180055_zenoh_p128_s1000_u10_bursty,226,recovery,46,20000,20004.25,2.162175,3.682713,4.023909,2.162943,0.8278,0.168652,0,0
zenoh,fanout_bursty_20260612_180055_zenoh_p128_s1000_u10_bursty,227,recovery,47,20000,19997.82,2.19781,3.730841,4.022476,2.198862,0.8278,0.168652,0,0
zenoh,fanout_bursty_20260612_180055_zenoh_p128_s1000_u10_bursty,228,recovery,48,20000,19995.31,2.195865,3.771391,4.147813,2.203514,0.8331,0.16875,0,0
zenoh,fanout_bursty_20260612_180055_zenoh_p128_s1000_u10_bursty,229,recovery,49,20000,20002.47,2.234777,3.801497,4.207001,2.239388,0.8331,0.16875,0,0
zenoh,fanout_bursty_20260612_180055_zenoh_p128_s1000_u10_bursty,230,recovery,50,20000,20000.3,2.200575,3.756031,4.165017,2.205809,0.8155,0.16875,0.04,0
zenoh,fanout_bursty_20260612_180055_zenoh_p128_s1000_u10_bursty,231,recovery,51,20000,19999.86,2.213068,4.086169,6.350233,2.286634,0.8155,0.16875,0.04,0
zenoh,fanout_bursty_20260612_180055_zenoh_p128_s1000_u10_bursty,232,recovery,52,20000,19999.97,2.161663,3.718143,4.315749,2.167139,0.8948,0.168848,0,0
zenoh,fanout_bursty_20260612_180055_zenoh_p128_s1000_u10_bursty,233,recovery,53,20000,19996.23,2.176818,3.897138,5.055282,2.211077,0.8948,0.168848,0,0
zenoh,fanout_bursty_20260612_180055_zenoh_p128_s1000_u10_bursty,234,recovery,54,20000,20003.92,2.1675,3.649125,4.055244,2.166531,0.8511,0.168945,0,0
zenoh,fanout_bursty_20260612_180055_zenoh_p128_s1000_u10_bursty,235,recovery,55,20000,19999.59,2.210405,3.735961,4.230962,2.212472,0.8511,0.168945,0,0
zenoh,fanout_bursty_20260612_180055_zenoh_p128_s1000_u10_bursty,236,recovery,56,20000,19998.93,2.096332,3.681893,4.41262,2.111875,0.8996,0.168848,0,0
zenoh,fanout_bursty_20260612_180055_zenoh_p128_s1000_u10_bursty,237,recovery,57,20000,19998.7,2.194636,3.795967,4.798258,2.215043,0.8996,0.168848,0,0
zenoh,fanout_bursty_20260612_180055_zenoh_p128_s1000_u10_bursty,238,recovery,58,20000,20003.59,2.160741,3.641957,3.918437,2.15855,0.8788,0.169043,0.04,0
zenoh,fanout_bursty_20260612_180055_zenoh_p128_s1000_u10_bursty,239,recovery,59,20000,19999.28,2.223205,3.793714,4.183039,2.226535,0.8788,0.169043,0.04,0
zenoh,fanout_bursty_20260612_180055_zenoh_p128_s1000_u10_bursty,240,recovery,60,20000,19999.85,2.153266,3.633356,3.983769,2.152824,0.8348,0.168652,0,0
zenoh,fanout_bursty_20260612_180055_zenoh_p128_s1000_u10_bursty,241,recovery,61,20000,20003.24,2.07493,3.509042,3.761561,2.069846,0.8348,0.168652,0,0
zenoh,fanout_bursty_20260612_180055_zenoh_p128_s1000_u10_bursty,242,recovery,62,20000,19999.38,2.123263,3.562495,3.811737,2.117729,0.8292,0.169043,0,0
zenoh,fanout_bursty_20260612_180055_zenoh_p128_s1000_u10_bursty,243,recovery,63,20000,19997.4,2.085375,3.554917,3.779993,2.083876,0.8292,0.169043,0,0
zenoh,fanout_bursty_20260612_180055_zenoh_p128_s1000_u10_bursty,244,recovery,64,20000,20000.85,2.145074,3.628031,4.018789,2.141446,0.8165,0.16875,0.04,0.4
zenoh,fanout_bursty_20260612_180055_zenoh_p128_s1000_u10_bursty,245,recovery,65,20000,19998.35,2.109439,3.547545,4.086783,2.110457,0.8165,0.16875,0.04,0.4
zenoh,fanout_bursty_20260612_180055_zenoh_p128_s1000_u10_bursty,246,recovery,66,20000,20003.13,2.076364,3.504537,3.830783,2.07431,0.833,0.168848,0,0
zenoh,fanout_bursty_20260612_180055_zenoh_p128_s1000_u10_bursty,247,recovery,67,20000,19995.39,2.073497,3.553893,4.060364,2.07829,0.833,0.168848,0,0
zenoh,fanout_bursty_20260612_180055_zenoh_p128_s1000_u10_bursty,248,recovery,68,20000,20004.12,2.096537,3.586866,3.833241,2.092693,0.8264,0.168848,0,0
zenoh,fanout_bursty_20260612_180055_zenoh_p128_s1000_u10_bursty,249,recovery,69,20000,19996.5,2.075852,3.544268,3.778354,2.073986,0.8264,0.168848,0,0
zenoh,fanout_bursty_20260612_180055_zenoh_p128_s1000_u10_bursty,250,recovery,70,20000,20004.14,2.126437,3.581132,3.866009,2.124206,0.8264,0.168848,0,0
zenoh,fanout_bursty_20260612_180055_zenoh_p128_s1000_u10_bursty,251,recovery,71,20000,20000.64,2.157669,3.709132,4.500274,2.16997,0.8749,0.16875,0.026667,0
zenoh,fanout_bursty_20260612_180055_zenoh_p128_s1000_u10_bursty,252,recovery,72,20000,19994.34,2.228325,3.782041,4.127743,2.227701,0.8749,0.16875,0.026667,0
zenoh,fanout_bursty_20260612_180055_zenoh_p128_s1000_u10_bursty,253,recovery,73,20000,20000.03,2.238668,3.779173,4.067122,2.239269,0.8583,0.168945,0,0
zenoh,fanout_bursty_20260612_180055_zenoh_p128_s1000_u10_bursty,254,recovery,74,20000,20001.38,2.249215,3.805183,4.232396,2.249471,0.8583,0.168945,0,0
zenoh,fanout_bursty_20260612_180055_zenoh_p128_s1000_u10_bursty,255,recovery,75,20000,19999.68,2.14446,3.656293,3.955711,2.143119,0.9034,0.16875,0,0
zenoh,fanout_bursty_20260612_180055_zenoh_p128_s1000_u10_bursty,256,recovery,76,20000,20002.57,2.238258,3.759513,4.121804,2.235949,0.9034,0.16875,0,0
zenoh,fanout_bursty_20260612_180055_zenoh_p128_s1000_u10_bursty,257,recovery,77,20000,19998.99,2.139647,3.657317,3.907788,2.142288,0.8602,0.168848,0,0
zenoh,fanout_bursty_20260612_180055_zenoh_p128_s1000_u10_bursty,258,recovery,78,20000,20000.11,2.222796,3.754597,4.045618,2.218607,0.8602,0.168848,0,0
zenoh,fanout_bursty_20260612_180055_zenoh_p128_s1000_u10_bursty,259,recovery,79,20000,19999.76,2.188185,3.704626,3.998309,2.185434,0.8534,0.168945,0.04,0
zenoh,fanout_bursty_20260612_180055_zenoh_p128_s1000_u10_bursty,260,recovery,80,20000,19997.86,2.134322,3.633151,4.031077,2.135782,0.8534,0.168945,0.04,0
zenoh,fanout_bursty_20260612_180055_zenoh_p128_s1000_u10_bursty,261,recovery,81,20000,20003.36,2.155826,3.69582,4.021861,2.162163,0.816,0.168848,0,0
zenoh,fanout_bursty_20260612_180055_zenoh_p128_s1000_u10_bursty,262,recovery,82,20000,19998.74,2.098482,3.560242,3.84942,2.098104,0.816,0.168848,0,0
zenoh,fanout_bursty_20260612_180055_zenoh_p128_s1000_u10_bursty,263,recovery,83,20000,19998.76,2.097356,3.568639,3.876863,2.096783,0.8416,0.169043,0,0
zenoh,fanout_bursty_20260612_180055_zenoh_p128_s1000_u10_bursty,264,recovery,84,20000,19997.82,2.110565,4.191026,5.943909,2.201707,0.8416,0.169043,0,0
zenoh,fanout_bursty_20260612_180055_zenoh_p128_s1000_u10_bursty,265,recovery,85,20000,20000.99,2.122546,3.581541,3.918028,2.121854,0.8386,0.168945,0.04,0.4
zenoh,fanout_bursty_20260612_180055_zenoh_p128_s1000_u10_bursty,266,recovery,86,20000,20000.92,2.158796,3.650149,4.046642,2.155905,0.8386,0.168945,0.04,0.4
zenoh,fanout_bursty_20260612_180055_zenoh_p128_s1000_u10_bursty,267,recovery,87,20000,20000.9,2.194841,3.633561,3.906764,2.177155,0.7991,0.168848,0,0
zenoh,fanout_bursty_20260612_180055_zenoh_p128_s1000_u10_bursty,268,recovery,88,20000,20000.51,2.171186,3.614514,3.948338,2.157184,0.7991,0.168848,0,0
zenoh,fanout_bursty_20260612_180055_zenoh_p128_s1000_u10_bursty,269,recovery,89,20000,20000.72,2.166169,3.615129,3.906764,2.156208,0.838,0.168945,0,0
zenoh,fanout_bursty_20260612_180055_zenoh_p128_s1000_u10_bursty,270,recovery,90,20000,20000.26,2.130021,3.576831,3.888332,2.117875,0.838,0.168945,0,0
zenoh,fanout_bursty_20260612_180055_zenoh_p128_s1000_u10_bursty,271,recovery,91,20000,19997.16,2.114559,3.545701,3.801087,2.104056,0.8371,0.168652,0,0
zenoh,fanout_bursty_20260612_180055_zenoh_p128_s1000_u10_bursty,272,recovery,92,20000,20000.68,2.14661,3.730021,4.990565,2.171305,0.8371,0.168652,0,0
zenoh,fanout_bursty_20260612_180055_zenoh_p128_s1000_u10_bursty,273,recovery,93,20000,19999.57,2.182757,4.158668,8.017509,2.358192,0.8791,0.168945,0.04,0
zenoh,fanout_bursty_20260612_180055_zenoh_p128_s1000_u10_bursty,274,recovery,94,20000,19998.1,2.187058,3.749477,4.842495,2.204121,0.8791,0.168945,0.04,0
zenoh,fanout_bursty_20260612_180055_zenoh_p128_s1000_u10_bursty,275,recovery,95,20000,20002.93,2.1675,3.809484,5.591244,2.217436,0.8791,0.168945,0.04,0
zenoh,fanout_bursty_20260612_180055_zenoh_p128_s1000_u10_bursty,276,recovery,96,20000,19999.14,2.168729,3.686604,4.301823,2.165019,0.8258,0.168848,0,0
zenoh,fanout_bursty_20260612_180055_zenoh_p128_s1000_u10_bursty,277,recovery,97,20000,20000.47,2.098994,3.583589,3.893042,2.097661,0.8258,0.168848,0,0
zenoh,fanout_bursty_20260612_180055_zenoh_p128_s1000_u10_bursty,278,recovery,98,20000,20000.88,2.123468,3.612671,3.906969,2.122198,0.8567,0.16875,0,0
zenoh,fanout_bursty_20260612_180055_zenoh_p128_s1000_u10_bursty,279,recovery,99,20000,20002.4,2.155724,3.667148,4.166655,2.157846,0.8567,0.16875,0,0
zenoh,fanout_bursty_20260612_180055_zenoh_p128_s1000_u10_bursty,280,recovery,100,20000,19999.65,2.136575,3.619225,3.906354,2.134241,0.8169,0.169043,0.04,0
zenoh,fanout_bursty_20260612_180055_zenoh_p128_s1000_u10_bursty,281,recovery,101,20000,19998.52,2.264575,4.290149,6.194789,2.334999,0.8169,0.169043,0.04,0
zenoh,fanout_bursty_20260612_180055_zenoh_p128_s1000_u10_bursty,282,recovery,102,20000,19997.9,2.150706,3.689266,4.051353,2.150629,0.8058,0.16875,0,0
zenoh,fanout_bursty_20260612_180055_zenoh_p128_s1000_u10_bursty,283,recovery,103,20000,20000.13,2.166578,3.743333,4.357529,2.179423,0.8058,0.16875,0,0
zenoh,fanout_bursty_20260612_180055_zenoh_p128_s1000_u10_bursty,284,recovery,104,20000,20003.05,2.110258,3.662642,4.485938,2.132336,0.838,0.169141,0,0
zenoh,fanout_bursty_20260612_180055_zenoh_p128_s1000_u10_bursty,285,recovery,105,20000,19997.95,2.144562,3.666124,4.014693,2.145257,0.838,0.169141,0,0
zenoh,fanout_bursty_20260612_180055_zenoh_p128_s1000_u10_bursty,286,recovery,106,20000,20000.71,2.211737,3.779788,4.178329,2.209913,0.859,0.168848,0,0
zenoh,fanout_bursty_20260612_180055_zenoh_p128_s1000_u10_bursty,287,recovery,107,20000,20004.27,2.191973,4.129586,5.462425,2.249974,0.859,0.168848,0,0
zenoh,fanout_bursty_20260612_180055_zenoh_p128_s1000_u10_bursty,288,recovery,108,20000,19996.08,2.17774,3.720805,4.144946,2.180817,0.8863,0.168848,0.04,0.4
zenoh,fanout_bursty_20260612_180055_zenoh_p128_s1000_u10_bursty,289,recovery,109,20000,19999.51,2.162994,3.797196,4.803583,2.195195,0.8863,0.168848,0.04,0.4
zenoh,fanout_bursty_20260612_180055_zenoh_p128_s1000_u10_bursty,290,recovery,110,20000,19999.75,2.176921,3.724697,4.206796,2.181392,0.8589,0.168848,0,0
zenoh,fanout_bursty_20260612_180055_zenoh_p128_s1000_u10_bursty,291,recovery,111,20000,19998.52,2.168012,3.7163,4.431052,2.181543,0.8589,0.168848,0,0
zenoh,fanout_bursty_20260612_180055_zenoh_p128_s1000_u10_bursty,292,recovery,112,20000,20004.5,2.224332,3.817676,4.653055,2.237666,0.8597,0.16875,0,0
zenoh,fanout_bursty_20260612_180055_zenoh_p128_s1000_u10_bursty,293,recovery,113,20000,19999.3,2.181017,3.732889,4.02821,2.184374,0.8597,0.16875,0,0
zenoh,fanout_bursty_20260612_180055_zenoh_p128_s1000_u10_bursty,294,recovery,114,20000,19995.94,2.230066,3.881778,5.186149,2.26556,0.8282,0.169043,0.04,0
zenoh,fanout_bursty_20260612_180055_zenoh_p128_s1000_u10_bursty,295,recovery,115,20000,20003.73,2.195353,3.730431,4.004658,2.195767,0.8282,0.169043,0.04,0
zenoh,fanout_bursty_20260612_180055_zenoh_p128_s1000_u10_bursty,296,recovery,116,20000,19998.72,2.251775,3.879116,4.657151,2.268916,0.8282,0.169043,0.04,0
zenoh,fanout_bursty_20260612_180055_zenoh_p128_s1000_u10_bursty,297,recovery,117,20000,19998.68,2.163916,3.655679,3.948133,2.163967,0.8497,0.168945,0,0
zenoh,fanout_bursty_20260612_180055_zenoh_p128_s1000_u10_bursty,298,recovery,118,20000,20001.17,2.204978,3.760537,4.065893,2.205039,0.8497,0.168945,0,0
zenoh,fanout_bursty_20260612_180055_zenoh_p128_s1000_u10_bursty,299,recovery,119,20000,19996.89,2.207333,3.791257,4.706917,2.231036,0.8405,0.168848,0,0
zenoh,fanout_bursty_20260612_180055_zenoh_p128_s1000_u10_bursty,300,recovery,120,20000,19997.75,1.797426,3.089202,3.272089,1.804133,0.8405,0.168848,0,0
zenoh,fanout_bursty_20260612_180055_zenoh_p128_s1000_u10_bursty,301,recovery,121,20000,20006.56,1.924812,3.365682,3.840204,1.939065,0.8231,0.168848,0,0
zenoh,fanout_bursty_20260612_180055_zenoh_p128_s1000_u10_bursty,302,recovery,122,20000,19997.43,2.191052,3.721829,4.013669,2.191732,0.8231,0.168848,0,0
zenoh,fanout_bursty_20260612_180055_zenoh_p128_s1000_u10_bursty,303,recovery,123,20000,19995.84,2.155929,3.683941,4.379647,2.161345,0.7997,0.168652,0.04,0
zenoh,fanout_bursty_20260612_180055_zenoh_p128_s1000_u10_bursty,304,recovery,124,20000,20006.96,2.162892,3.673292,3.939941,2.160851,0.7997,0.168652,0.04,0
zenoh,fanout_bursty_20260612_180055_zenoh_p128_s1000_u10_bursty,305,recovery,125,20000,19998.52,2.154188,3.648716,4.109516,2.154472,0.7991,0.16875,0,0
zenoh,fanout_bursty_20260612_180055_zenoh_p128_s1000_u10_bursty,306,recovery,126,20000,20001.07,2.14917,3.609599,3.927653,2.144882,0.7991,0.16875,0,0
zenoh,fanout_bursty_20260612_180055_zenoh_p128_s1000_u10_bursty,307,recovery,127,20000,19998.66,2.162585,3.785727,5.557452,2.210317,0.8038,0.16875,0,0
zenoh,fanout_bursty_20260612_180055_zenoh_p128_s1000_u10_bursty,308,recovery,128,20000,19998.67,2.129202,3.620249,3.922124,2.127613,0.8038,0.16875,0,0
zenoh,fanout_bursty_20260612_180055_zenoh_p128_s1000_u10_bursty,309,recovery,129,20000,20002.95,2.106367,3.589119,3.822796,2.106139,0.8144,0.168848,0.04,0.4
zenoh,fanout_bursty_20260612_180055_zenoh_p128_s1000_u10_bursty,310,recovery,130,20000,19996.98,2.037349,3.526245,3.741285,2.036544,0.8144,0.168848,0.04,0.4
zenoh,fanout_bursty_20260612_180055_zenoh_p128_s1000_u10_bursty,311,recovery,131,20000,20001.18,2.126745,3.603045,3.81317,2.12504,0.8218,0.169043,0,0
zenoh,fanout_bursty_20260612_180055_zenoh_p128_s1000_u10_bursty,312,recovery,132,20000,20003.14,2.11374,3.628031,4.333977,2.122755,0.8218,0.169043,0,0
zenoh,fanout_bursty_20260612_180055_zenoh_p128_s1000_u10_bursty,313,recovery,133,20000,19996.84,2.08517,3.558399,3.839589,2.086042,0.8165,0.168848,0,0
zenoh,fanout_bursty_20260612_180055_zenoh_p128_s1000_u10_bursty,314,recovery,134,20000,20000.09,2.068684,3.533823,3.766476,2.067236,0.8165,0.168848,0,0
zenoh,fanout_bursty_20260612_180055_zenoh_p128_s1000_u10_bursty,315,recovery,135,20000,20001.17,2.091826,3.593215,4.179967,2.101176,0.8241,0.168652,0.04,0
zenoh,fanout_bursty_20260612_180055_zenoh_p128_s1000_u10_bursty,316,recovery,136,20000,20000.88,2.129202,3.846553,5.30821,2.17467,0.8241,0.168652,0.04,0
zenoh,fanout_bursty_20260612_180055_zenoh_p128_s1000_u10_bursty,317,recovery,137,20000,19997.53,2.104933,4.162764,5.291826,2.177152,0.8107,0.168848,0,0
zenoh,fanout_bursty_20260612_180055_zenoh_p128_s1000_u10_bursty,318,recovery,138,20000,19998.37,2.094284,3.617586,4.279295,2.105083,0.8107,0.168848,0,0
zenoh,fanout_bursty_20260612_180055_zenoh_p128_s1000_u10_bursty,319,recovery,139,20000,20001.47,2.072985,3.543858,3.8699,2.070958,0.8107,0.168848,0,0
zenoh,fanout_bursty_20260612_180055_zenoh_p128_s1000_u10_bursty,320,recovery,140,20000,20001.44,2.043186,3.510681,3.909221,2.044188,0.7394,0.168848,0,0
zenoh,fanout_bursty_20260612_180055_zenoh_p128_s1000_u10_bursty,321,recovery,141,20000,19997.99,2.111692,3.683327,5.223013,2.156889,0.7394,0.168848,0,0
zenoh,fanout_bursty_20260612_180055_zenoh_p128_s1000_u10_bursty,322,recovery,142,20000,20002.04,1.972837,3.578879,4.809727,2.02096,0.8134,0.168848,0,0
zenoh,fanout_bursty_20260612_180055_zenoh_p128_s1000_u10_bursty,323,recovery,143,20000,20002.52,2.046258,3.793919,4.940185,2.090819,0.8134,0.168848,0,0
zenoh,fanout_bursty_20260612_180055_zenoh_p128_s1000_u10_bursty,324,recovery,144,20000,19997.96,2.074213,3.551641,3.953663,2.074821,0.8108,0.168848,0.04,0
zenoh,fanout_bursty_20260612_180055_zenoh_p128_s1000_u10_bursty,325,recovery,145,20000,19996.47,2.164837,3.770777,4.162559,2.175105,0.8108,0.168848,0.04,0
zenoh,fanout_bursty_20260612_180055_zenoh_p128_s1000_u10_bursty,326,recovery,146,20000,20002.19,2.224229,3.833445,4.579327,2.239025,0.8776,0.168945,0,0
zenoh,fanout_bursty_20260612_180055_zenoh_p128_s1000_u10_bursty,327,recovery,147,20000,20002.24,2.196479,4.032306,6.325657,2.283541,0.8776,0.168945,0,0
zenoh,fanout_bursty_20260612_180055_zenoh_p128_s1000_u10_bursty,328,recovery,148,20000,20003.51,2.178559,3.737394,4.626841,2.190472,0.8495,0.16875,0,0
zenoh,fanout_bursty_20260612_180055_zenoh_p128_s1000_u10_bursty,329,recovery,149,20000,19993.88,2.166373,3.713637,4.042341,2.170762,0.8495,0.16875,0,0
zenoh,fanout_bursty_20260612_180055_zenoh_p128_s1000_u10_bursty,330,recovery,150,20000,20003.6,2.174975,3.715276,3.999948,2.177647,0.7943,0.168848,0.04,0.4
zenoh,fanout_bursty_20260612_180055_zenoh_p128_s1000_u10_bursty,331,recovery,151,20000,19996.67,2.170879,3.96206,4.90373,2.21676,0.7943,0.168848,0.04,0.4
zenoh,fanout_bursty_20260612_180055_zenoh_p128_s1000_u10_bursty,332,recovery,152,20000,19999.37,2.109849,3.579903,3.885465,2.10595,0.8261,0.168652,0,0
zenoh,fanout_bursty_20260612_180055_zenoh_p128_s1000_u10_bursty,333,recovery,153,20000,20001.63,2.125925,3.602021,3.883417,2.124257,0.8261,0.168652,0,0
zenoh,fanout_bursty_20260612_180055_zenoh_p128_s1000_u10_bursty,334,recovery,154,20000,20000.09,2.113433,3.569253,3.862527,2.111153,0.8116,0.16875,0,0
zenoh,fanout_bursty_20260612_180055_zenoh_p128_s1000_u10_bursty,335,recovery,155,20000,19999.81,2.092441,3.561881,3.856383,2.093965,0.8116,0.16875,0,0
zenoh,fanout_bursty_20260612_180055_zenoh_p128_s1000_u10_bursty,336,recovery,156,20000,19998.42,2.139442,3.596082,3.86478,2.134564,0.8067,0.168945,0,0
zenoh,fanout_bursty_20260612_180055_zenoh_p128_s1000_u10_bursty,337,recovery,157,20000,20003.27,2.133913,3.595058,3.9211,2.129691,0.8067,0.168945,0,0
zenoh,fanout_bursty_20260612_180055_zenoh_p128_s1000_u10_bursty,338,recovery,158,20000,19998.94,2.140671,3.630079,3.96677,2.141775,0.7805,0.16875,0.04,0
zenoh,fanout_bursty_20260612_180055_zenoh_p128_s1000_u10_bursty,339,recovery,159,20000,19998.19,2.116607,3.587481,3.862527,2.114537,0.7805,0.16875,0.04,0
zenoh,fanout_bursty_20260612_180055_zenoh_p128_s1000_u10_bursty,340,recovery,160,20000,20001.35,2.168114,3.729817,4.338687,2.176499,0.7805,0.16875,0.04,0
zenoh,fanout_bursty_20260612_180055_zenoh_p128_s1000_u10_bursty,341,recovery,161,20000,19998.69,2.207231,3.783269,4.124671,2.208048,0.847,0.16875,0,0
zenoh,fanout_bursty_20260612_180055_zenoh_p128_s1000_u10_bursty,342,recovery,162,20000,20000.55,2.166373,3.704626,4.054834,2.167213,0.847,0.16875,0,0
zenoh,fanout_bursty_20260612_180055_zenoh_p128_s1000_u10_bursty,343,recovery,163,20000,20001,2.236927,3.784703,4.063641,2.238737,0.8533,0.168848,0,0
zenoh,fanout_bursty_20260612_180055_zenoh_p128_s1000_u10_bursty,344,recovery,164,20000,20000.17,2.182962,3.773849,4.267826,2.190547,0.8533,0.168848,0,0
zenoh,fanout_bursty_20260612_180055_zenoh_p128_s1000_u10_bursty,345,recovery,165,20000,19995.77,2.20293,3.743538,4.037017,2.201553,0.8005,0.169043,0.04,0
zenoh,fanout_bursty_20260612_180055_zenoh_p128_s1000_u10_bursty,346,recovery,166,20000,20002.5,2.153778,3.675135,3.945881,2.156489,0.8005,0.169043,0.04,0
zenoh,fanout_bursty_20260612_180055_zenoh_p128_s1000_u10_bursty,347,recovery,167,20000,19999.23,2.184396,3.738418,4.075519,2.182318,0.8425,0.16875,0,0
zenoh,fanout_bursty_20260612_180055_zenoh_p128_s1000_u10_bursty,348,recovery,168,20000,20002.84,2.124594,3.600793,3.899186,2.117285,0.8425,0.16875,0,0
zenoh,fanout_bursty_20260612_180055_zenoh_p128_s1000_u10_bursty,349,recovery,169,20000,19997.88,2.158693,3.69541,3.996876,2.160995,0.8421,0.168848,0,0
zenoh,fanout_bursty_20260612_180055_zenoh_p128_s1000_u10_bursty,350,recovery,170,20000,19999.69,2.132274,3.6907,4.066098,2.138219,0.8421,0.168848,0,0
zenoh,fanout_bursty_20260612_180055_zenoh_p128_s1000_u10_bursty,351,recovery,171,20000,20000.64,2.156748,3.683327,4.004249,2.155961,0.853,0.16875,0,0.4
zenoh,fanout_bursty_20260612_180055_zenoh_p128_s1000_u10_bursty,352,recovery,172,20000,19999.89,2.133196,3.675545,4.029029,2.135739,0.853,0.16875,0,0.4
zenoh,fanout_bursty_20260612_180055_zenoh_p128_s1000_u10_bursty,353,recovery,173,20000,19998.45,2.219519,3.784498,4.090674,2.219273,0.8835,0.168848,0.04,0
zenoh,fanout_bursty_20260612_180055_zenoh_p128_s1000_u10_bursty,354,recovery,174,20000,20003.15,2.179788,3.723877,4.191231,2.180171,0.8835,0.168848,0.04,0
zenoh,fanout_bursty_20260612_180055_zenoh_p128_s1000_u10_bursty,355,recovery,175,20000,20000.18,2.165349,3.689881,3.999129,2.16052,0.8463,0.169141,0,0
zenoh,fanout_bursty_20260612_180055_zenoh_p128_s1000_u10_bursty,356,recovery,176,20000,19996.49,2.212658,3.787161,4.153957,2.214189,0.8463,0.169141,0,0
zenoh,fanout_bursty_20260612_180055_zenoh_p128_s1000_u10_bursty,357,recovery,177,20000,20000.08,2.306661,3.853721,4.277452,2.295022,0.8894,0.169043,0,0
zenoh,fanout_bursty_20260612_180055_zenoh_p128_s1000_u10_bursty,358,recovery,178,20000,20002.81,2.218188,3.842866,4.628479,2.229926,0.8894,0.169043,0,0
zenoh,fanout_bursty_20260612_180055_zenoh_p128_s1000_u10_bursty,359,recovery,179,20000,20000.27,2.181324,3.708927,4.236492,2.181953,0.8672,0.168652,0.04,0
