timestamp,sent_count,received_count,error_count,total_throughput,interval_throughput,latency_ns_p25,latency_ns_p50,latency_ns_p75,latency_ns_p95,latency_ns_p99,latency_ns_min,latency_ns_max,latency_ns_mean,latency_ns_stddev,latency_sample_count,connections,active_connections,connection_attempts,connection_failures,crashes_injected,reconnects,reconnect_failures,duplicate_count,gap_count,interval_latency_ns_p50,interval_latency_ns_p95,interval_latency_ns_p99,interval_latency_ns_mean,interval_latency_sample_count
1781563653,0,0,0,0.00,0.00,0,0,0,0,0,0,0,0.00,0.00,0,0,0,1,0,0,0,0,0,0,0,0,0,0.00,0
1781563654,201,0,0,201.50,201.05,0,0,0,0,0,0,0,0.00,0.00,0,0,0,1,0,0,0,0,0,0,0,0,0,0.00,0
1781563655,401,0,0,200.76,200.03,0,0,0,0,0,0,0,0.00,0.00,0,0,0,1,0,0,0,0,0,0,0,0,0,0.00,0
1781563656,601,0,0,200.51,200.00,0,0,0,0,0,0,0,0.00,0.00,0,0,0,1,0,0,0,0,0,0,0,0,0,0.00,0
1781563657,801,0,0,200.39,200.04,0,0,0,0,0,0,0,0.00,0.00,0,0,0,1,0,0,0,0,0,0,0,0,0,0.00,0
1781563658,1001,0,0,200.32,200.03,0,0,0,0,0,0,0,0.00,0.00,0,0,0,1,0,0,0,0,0,0,0,0,0,0.00,0
1781563659,1201,0,0,200.24,199.88,0,0,0,0,0,0,0,0.00,0.00,0,0,0,1,0,0,0,0,0,0,0,0,0,0.00,0
1781563660,1401,0,0,200.22,200.08,0,0,0,0,0,0,0,0.00,0.00,0,0,0,1,0,0,0,0,0,0,0,0,0,0.00,0
1781563661,1601,0,0,200.19,200.00,0,0,0,0,0,0,0,0.00,0.00,0,0,0,1,0,0,0,0,0,0,0,0,0,0.00,0
1781563662,1801,0,0,200.17,200.00,0,0,0,0,0,0,0,0.00,0.00,0,0,0,1,0,0,0,0,0,0,0,0,0,0.00,0
1781563663,2001,0,0,200.15,199.97,0,0,0,0,0,0,0,0.00,0.00,0,0,0,1,0,0,0,0,0,0,0,0,0,0.00,0
1781563664,2201,0,0,200.14,200.03,0,0,0,0,0,0,0,0.00,0.00,0,0,0,1,0,0,0,0,0,0,0,0,0,0.00,0
1781563665,2401,0,0,200.13,200.02,0,0,0,0,0,0,0,0.00,0.00,0,0,0,1,0,0,0,0,0,0,0,0,0,0.00,0
1781563666,2601,0,0,200.11,199.87,0,0,0,0,0,0,0,0.00,0.00,0,0,0,1,0,0,0,0,0,0,0,0,0,0.00,0
1781563667,2801,0,0,200.11,200.12,0,0,0,0,0,0,0,0.00,0.00,0,0,0,1,0,0,0,0,0,0,0,0,0,0.00,0
1781563668,3001,0,0,200.11,200.02,0,0,0,0,0,0,0,0.00,0.00,0,0,0,1,0,0,0,0,0,0,0,0,0,0.00,0
1781563669,3201,0,0,200.10,200.00,0,0,0,0,0,0,0,0.00,0.00,0,0,0,1,0,0,0,0,0,0,0,0,0,0.00,0
1781563670,3401,0,0,200.09,200.00,0,0,0,0,0,0,0,0.00,0.00,0,0,0,1,0,0,0,0,0,0,0,0,0,0.00,0
1781563671,3601,0,0,200.08,199.84,0,0,0,0,0,0,0,0.00,0.00,0,0,0,1,0,0,0,0,0,0,0,0,0,0.00,0
1781563672,3801,0,0,200.08,200.08,0,0,0,0,0,0,0,0.00,0.00,0,0,0,1,0,0,0,0,0,0,0,0,0,0.00,0
1781563673,4001,0,0,200.08,200.05,0,0,0,0,0,0,0,0.00,0.00,0,0,0,1,0,0,0,0,0,0,0,0,0,0.00,0
1781563674,4201,0,0,200.07,199.88,0,0,0,0,0,0,0,0.00,0.00,0,0,0,1,0,0,0,0,0,0,0,0,0,0.00,0
1781563675,4401,0,0,200.07,200.01,0,0,0,0,0,0,0,0.00,0.00,0,0,0,1,0,0,0,0,0,0,0,0,0,0.00,0
1781563676,4601,0,0,200.06,200.04,0,0,0,0,0,0,0,0.00,0.00,0,0,0,1,0,0,0,0,0,0,0,0,0,0.00,0
1781563677,4801,0,0,200.06,200.04,0,0,0,0,0,0,0,0.00,0.00,0,0,0,1,0,0,0,0,0,0,0,0,0,0.00,0
1781563678,5001,0,0,200.06,199.89,0,0,0,0,0,0,0,0.00,0.00,0,0,0,1,0,0,0,0,0,0,0,0,0,0.00,0
1781563679,5201,0,0,200.06,200.07,0,0,0,0,0,0,0,0.00,0.00,0,0,0,1,0,0,0,0,0,0,0,0,0,0.00,0
1781563680,5401,0,0,200.05,199.94,0,0,0,0,0,0,0,0.00,0.00,0,0,0,1,0,0,0,0,0,0,0,0,0,0.00,0
1781563681,5601,0,0,200.05,200.06,0,0,0,0,0,0,0,0.00,0.00,0,0,0,1,0,0,0,0,0,0,0,0,0,0.00,0
1781563682,5801,0,0,200.05,200.10,0,0,0,0,0,0,0,0.00,0.00,0,0,0,1,0,0,0,0,0,0,0,0,0,0.00,0
1781563683,6001,0,0,200.05,199.98,0,0,0,0,0,0,0,0.00,0.00,0,0,0,1,0,0,0,0,0,0,0,0,0,0.00,0
1781563684,6201,0,0,200.05,199.87,0,0,0,0,0,0,0,0.00,0.00,0,0,0,1,0,0,0,0,0,0,0,0,0,0.00,0
1781563685,6401,0,0,200.05,200.13,0,0,0,0,0,0,0,0.00,0.00,0,0,0,1,0,0,0,0,0,0,0,0,0,0.00,0
1781563686,6601,0,0,200.04,199.86,0,0,0,0,0,0,0,0.00,0.00,0,0,0,1,0,0,0,0,0,0,0,0,0,0.00,0
1781563687,6801,0,0,200.04,200.01,0,0,0,0,0,0,0,0.00,0.00,0,0,0,1,0,0,0,0,0,0,0,0,0,0.00,0
1781563688,7001,0,0,200.04,199.99,0,0,0,0,0,0,0,0.00,0.00,0,0,0,1,0,0,0,0,0,0,0,0,0,0.00,0
1781563689,7201,0,0,200.04,200.16,0,0,0,0,0,0,0,0.00,0.00,0,0,0,1,0,0,0,0,0,0,0,0,0,0.00,0
1781563690,7401,0,0,200.04,199.84,0,0,0,0,0,0,0,0.00,0.00,0,0,0,1,0,0,0,0,0,0,0,0,0,0.00,0
1781563691,7601,0,0,200.04,200.08,0,0,0,0,0,0,0,0.00,0.00,0,0,0,1,0,0,0,0,0,0,0,0,0,0.00,0
1781563692,7801,0,0,200.04,200.10,0,0,0,0,0,0,0,0.00,0.00,0,0,0,1,0,0,0,0,0,0,0,0,0,0.00,0
1781563693,8001,0,0,200.04,199.87,0,0,0,0,0,0,0,0.00,0.00,0,0,0,1,0,0,0,0,0,0,0,0,0,0.00,0
1781563694,8201,0,0,200.04,200.11,0,0,0,0,0,0,0,0.00,0.00,0,0,0,1,0,0,0,0,0,0,0,0,0,0.00,0
1781563695,8401,0,0,200.04,199.91,0,0,0,0,0,0,0,0.00,0.00,0,0,0,1,0,0,0,0,0,0,0,0,0,0.00,0
1781563696,8601,0,0,200.03,199.94,0,0,0,0,0,0,0,0.00,0.00,0,0,0,1,0,0,0,0,0,0,0,0,0,0.00,0
1781563697,8801,0,0,200.04,200.11,0,0,0,0,0,0,0,0.00,0.00,0,0,0,1,0,0,0,0,0,0,0,0,0,0.00,0
1781563698,9001,0,0,200.03,199.91,0,0,0,0,0,0,0,0.00,0.00,0,0,0,1,0,0,0,0,0,0,0,0,0,0.00,0
1781563699,9201,0,0,200.03,200.12,0,0,0,0,0,0,0,0.00,0.00,0,0,0,1,0,0,0,0,0,0,0,0,0,0.00,0
1781563700,9401,0,0,200.03,199.83,0,0,0,0,0,0,0,0.00,0.00,0,0,0,1,0,0,0,0,0,0,0,0,0,0.00,0
1781563701,9601,0,0,200.03,200.10,0,0,0,0,0,0,0,0.00,0.00,0,0,0,1,0,0,0,0,0,0,0,0,0,0.00,0
1781563702,9801,0,0,200.03,200.05,0,0,0,0,0,0,0,0.00,0.00,0,0,0,1,0,0,0,0,0,0,0,0,0,0.00,0
1781563703,10001,0,0,200.03,199.98,0,0,0,0,0,0,0,0.00,0.00,0,0,0,1,0,0,0,0,0,0,0,0,0,0.00,0
1781563704,10201,0,0,200.03,200.04,0,0,0,0,0,0,0,0.00,0.00,0,0,0,1,0,0,0,0,0,0,0,0,0,0.00,0
1781563705,10401,0,0,200.03,199.89,0,0,0,0,0,0,0,0.00,0.00,0,0,0,1,0,0,0,0,0,0,0,0,0,0.00,0
1781563706,10601,0,0,200.03,199.97,0,0,0,0,0,0,0,0.00,0.00,0,0,0,1,0,0,0,0,0,0,0,0,0,0.00,0
1781563707,10801,0,0,200.03,200.02,0,0,0,0,0,0,0,0.00,0.00,0,0,0,1,0,0,0,0,0,0,0,0,0,0.00,0
1781563708,11001,0,0,200.03,200.06,0,0,0,0,0,0,0,0.00,0.00,0,0,0,1,0,0,0,0,0,0,0,0,0,0.00,0
1781563709,11201,0,0,200.03,200.08,0,0,0,0,0,0,0,0.00,0.00,0,0,0,1,0,0,0,0,0,0,0,0,0,0.00,0
1781563710,11401,0,0,200.03,199.84,0,0,0,0,0,0,0,0.00,0.00,0,0,0,1,0,0,0,0,0,0,0,0,0,0.00,0
1781563711,11601,0,0,200.03,200.04,0,0,0,0,0,0,0,0.00,0.00,0,0,0,1,0,0,0,0,0,0,0,0,0,0.00,0
1781563712,11801,0,0,200.03,200.04,0,0,0,0,0,0,0,0.00,0.00,0,0,0,1,0,0,0,0,0,0,0,0,0,0.00,0
1781563713,12001,0,0,200.03,200.02,0,0,0,0,0,0,0,0.00,0.00,0,0,0,1,0,0,0,0,0,0,0,0,0,0.00,0
1781563714,14003,0,0,229.57,2002.61,0,0,0,0,0,0,0,0.00,0.00,0,0,0,1,0,0,0,0,0,0,0,0,0,0.00,0
1781563715,16003,0,0,258.13,1999.82,0,0,0,0,0,0,0,0.00,0.00,0,0,0,1,0,0,0,0,0,0,0,0,0,0.00,0
1781563716,18003,0,0,285.77,1999.90,0,0,0,0,0,0,0,0.00,0.00,0,0,0,1,0,0,0,0,0,0,0,0,0,0.00,0
1781563717,20003,0,0,312.56,1998.38,0,0,0,0,0,0,0,0.00,0.00,0,0,0,1,0,0,0,0,0,0,0,0,0,0.00,0
1781563718,22003,0,0,338.52,2001.19,0,0,0,0,0,0,0,0.00,0.00,0,0,0,1,0,0,0,0,0,0,0,0,0,0.00,0
1781563719,24003,0,0,363.69,1999.31,0,0,0,0,0,0,0,0.00,0.00,0,0,0,1,0,0,0,0,0,0,0,0,0,0.00,0
1781563720,26003,0,0,388.12,2001.36,0,0,0,0,0,0,0,0.00,0.00,0,0,0,1,0,0,0,0,0,0,0,0,0,0.00,0
1781563721,28003,0,0,411.82,1999.18,0,0,0,0,0,0,0,0.00,0.00,0,0,0,1,0,0,0,0,0,0,0,0,0,0.00,0
1781563722,30003,0,0,434.84,1999.70,0,0,0,0,0,0,0,0.00,0.00,0,0,0,1,0,0,0,0,0,0,0,0,0,0.00,0
1781563723,32003,0,0,457.20,2001.02,0,0,0,0,0,0,0,0.00,0.00,0,0,0,1,0,0,0,0,0,0,0,0,0,0.00,0
1781563724,34003,0,0,478.93,1998.64,0,0,0,0,0,0,0,0.00,0.00,0,0,0,1,0,0,0,0,0,0,0,0,0,0.00,0
1781563725,36003,0,0,500.06,2000.39,0,0,0,0,0,0,0,0.00,0.00,0,0,0,1,0,0,0,0,0,0,0,0,0,0.00,0
1781563726,38003,0,0,520.61,2000.59,0,0,0,0,0,0,0,0.00,0.00,0,0,0,1,0,0,0,0,0,0,0,0,0,0.00,0
1781563727,40003,0,0,540.60,1999.13,0,0,0,0,0,0,0,0.00,0.00,0,0,0,1,0,0,0,0,0,0,0,0,0,0.00,0
1781563728,42003,0,0,560.06,2000.05,0,0,0,0,0,0,0,0.00,0.00,0,0,0,1,0,0,0,0,0,0,0,0,0,0.00,0
1781563729,44003,0,0,579.01,2001.15,0,0,0,0,0,0,0,0.00,0.00,0,0,0,1,0,0,0,0,0,0,0,0,0,0.00,0
1781563730,46003,0,0,597.46,1999.82,0,0,0,0,0,0,0,0.00,0.00,0,0,0,1,0,0,0,0,0,0,0,0,0,0.00,0
1781563731,48003,0,0,615.44,1998.72,0,0,0,0,0,0,0,0.00,0.00,0,0,0,1,0,0,0,0,0,0,0,0,0,0.00,0
1781563732,50003,0,0,632.97,2000.48,0,0,0,0,0,0,0,0.00,0.00,0,0,0,1,0,0,0,0,0,0,0,0,0,0.00,0
1781563733,52003,0,0,650.06,2000.09,0,0,0,0,0,0,0,0.00,0.00,0,0,0,1,0,0,0,0,0,0,0,0,0,0.00,0
1781563734,54003,0,0,666.72,1999.66,0,0,0,0,0,0,0,0.00,0.00,0,0,0,1,0,0,0,0,0,0,0,0,0,0.00,0
1781563735,56003,0,0,682.99,2000.86,0,0,0,0,0,0,0,0.00,0.00,0,0,0,1,0,0,0,0,0,0,0,0,0,0.00,0
1781563736,58003,0,0,698.86,2000.43,0,0,0,0,0,0,0,0.00,0.00,0,0,0,1,0,0,0,0,0,0,0,0,0,0.00,0
1781563737,60003,0,0,714.34,1998.96,0,0,0,0,0,0,0,0.00,0.00,0,0,0,1,0,0,0,0,0,0,0,0,0,0.00,0
1781563738,62003,0,0,729.47,2000.57,0,0,0,0,0,0,0,0.00,0.00,0,0,0,1,0,0,0,0,0,0,0,0,0,0.00,0
1781563739,64003,0,0,744.24,1998.82,0,0,0,0,0,0,0,0.00,0.00,0,0,0,1,0,0,0,0,0,0,0,0,0,0.00,0
1781563740,66003,0,0,758.67,1999.98,0,0,0,0,0,0,0,0.00,0.00,0,0,0,1,0,0,0,0,0,0,0,0,0,0.00,0
1781563741,68003,0,0,772.78,2000.19,0,0,0,0,0,0,0,0.00,0.00,0,0,0,1,0,0,0,0,0,0,0,0,0,0.00,0
1781563742,70003,0,0,786.57,2000.28,0,0,0,0,0,0,0,0.00,0.00,0,0,0,1,0,0,0,0,0,0,0,0,0,0.00,0
1781563743,72003,0,0,800.05,1999.86,0,0,0,0,0,0,0,0.00,0.00,0,0,0,1,0,0,0,0,0,0,0,0,0,0.00,0
1781563744,74003,0,0,813.24,2000.70,0,0,0,0,0,0,0,0.00,0.00,0,0,0,1,0,0,0,0,0,0,0,0,0,0.00,0
1781563745,76003,0,0,826.14,1999.59,0,0,0,0,0,0,0,0.00,0.00,0,0,0,1,0,0,0,0,0,0,0,0,0,0.00,0
1781563746,78003,0,0,838.77,2000.50,0,0,0,0,0,0,0,0.00,0.00,0,0,0,1,0,0,0,0,0,0,0,0,0,0.00,0
1781563747,80003,0,0,851.12,1999.15,0,0,0,0,0,0,0,0.00,0.00,0,0,0,1,0,0,0,0,0,0,0,0,0,0.00,0
1781563748,82003,0,0,863.21,2000.26,0,0,0,0,0,0,0,0.00,0.00,0,0,0,1,0,0,0,0,0,0,0,0,0,0.00,0
1781563749,84003,0,0,875.05,2000.12,0,0,0,0,0,0,0,0.00,0.00,0,0,0,1,0,0,0,0,0,0,0,0,0,0.00,0
1781563750,86003,0,0,886.65,2000.50,0,0,0,0,0,0,0,0.00,0.00,0,0,0,1,0,0,0,0,0,0,0,0,0,0.00,0
1781563751,88003,0,0,898.01,1999.48,0,0,0,0,0,0,0,0.00,0.00,0,0,0,1,0,0,0,0,0,0,0,0,0,0.00,0
1781563752,90003,0,0,909.14,1999.88,0,0,0,0,0,0,0,0.00,0.00,0,0,0,1,0,0,0,0,0,0,0,0,0,0.00,0
1781563753,92003,0,0,920.05,1999.74,0,0,0,0,0,0,0,0.00,0.00,0,0,0,1,0,0,0,0,0,0,0,0,0,0.00,0
1781563754,94003,0,0,930.74,1999.77,0,0,0,0,0,0,0,0.00,0.00,0,0,0,1,0,0,0,0,0,0,0,0,0,0.00,0
1781563755,96003,0,0,941.23,2001.42,0,0,0,0,0,0,0,0.00,0.00,0,0,0,1,0,0,0,0,0,0,0,0,0,0.00,0
1781563756,98003,0,0,951.50,1998.52,0,0,0,0,0,0,0,0.00,0.00,0,0,0,1,0,0,0,0,0,0,0,0,0,0.00,0
1781563757,100003,0,0,961.59,2000.53,0,0,0,0,0,0,0,0.00,0.00,0,0,0,1,0,0,0,0,0,0,0,0,0,0.00,0
1781563758,102003,0,0,971.48,2000.72,0,0,0,0,0,0,0,0.00,0.00,0,0,0,1,0,0,0,0,0,0,0,0,0,0.00,0
1781563759,104003,0,0,981.19,2000.44,0,0,0,0,0,0,0,0.00,0.00,0,0,0,1,0,0,0,0,0,0,0,0,0,0.00,0
1781563760,106003,0,0,990.70,1998.66,0,0,0,0,0,0,0,0.00,0.00,0,0,0,1,0,0,0,0,0,0,0,0,0,0.00,0
1781563761,108003,0,0,1000.06,2001.39,0,0,0,0,0,0,0,0.00,0.00,0,0,0,1,0,0,0,0,0,0,0,0,0,0.00,0
1781563762,110003,0,0,1009.22,1998.53,0,0,0,0,0,0,0,0.00,0.00,0,0,0,1,0,0,0,0,0,0,0,0,0,0.00,0
1781563763,112003,0,0,1018.23,2000.65,0,0,0,0,0,0,0,0.00,0.00,0,0,0,1,0,0,0,0,0,0,0,0,0,0.00,0
1781563764,114003,0,0,1027.08,2000.50,0,0,0,0,0,0,0,0.00,0.00,0,0,0,1,0,0,0,0,0,0,0,0,0,0.00,0
1781563765,116003,0,0,1035.77,2000.47,0,0,0,0,0,0,0,0.00,0.00,0,0,0,1,0,0,0,0,0,0,0,0,0,0.00,0
1781563766,118003,0,0,1044.30,1998.76,0,0,0,0,0,0,0,0.00,0.00,0,0,0,1,0,0,0,0,0,0,0,0,0,0.00,0
1781563767,120003,0,0,1052.68,2000.85,0,0,0,0,0,0,0,0.00,0.00,0,0,0,1,0,0,0,0,0,0,0,0,0,0.00,0
1781563768,122003,0,0,1060.92,1998.91,0,0,0,0,0,0,0,0.00,0.00,0,0,0,1,0,0,0,0,0,0,0,0,0,0.00,0
1781563769,124003,0,0,1069.01,2000.04,0,0,0,0,0,0,0,0.00,0.00,0,0,0,1,0,0,0,0,0,0,0,0,0,0.00,0
1781563770,126003,0,0,1076.98,2001.33,0,0,0,0,0,0,0,0.00,0.00,0,0,0,1,0,0,0,0,0,0,0,0,0,0.00,0
1781563771,128003,0,0,1084.80,1999.99,0,0,0,0,0,0,0,0.00,0.00,0,0,0,1,0,0,0,0,0,0,0,0,0,0.00,0
1781563772,130003,0,0,1092.49,1999.96,0,0,0,0,0,0,0,0.00,0.00,0,0,0,1,0,0,0,0,0,0,0,0,0,0.00,0
1781563773,132003,0,0,1100.05,1999.87,0,0,0,0,0,0,0,0.00,0.00,0,0,0,1,0,0,0,0,0,0,0,0,0,0.00,0
1781563774,132205,0,0,1092.63,201.92,0,0,0,0,0,0,0,0.00,0.00,0,0,0,1,0,0,0,0,0,0,0,0,0,0.00,0
1781563775,132405,0,0,1085.31,200.01,0,0,0,0,0,0,0,0.00,0.00,0,0,0,1,0,0,0,0,0,0,0,0,0,0.00,0
1781563776,132605,0,0,1078.11,199.96,0,0,0,0,0,0,0,0.00,0.00,0,0,0,1,0,0,0,0,0,0,0,0,0,0.00,0
1781563777,132805,0,0,1071.03,200.11,0,0,0,0,0,0,0,0.00,0.00,0,0,0,1,0,0,0,0,0,0,0,0,0,0.00,0
1781563778,133005,0,0,1064.06,199.91,0,0,0,0,0,0,0,0.00,0.00,0,0,0,1,0,0,0,0,0,0,0,0,0,0.00,0
1781563779,133205,0,0,1057.20,200.01,0,0,0,0,0,0,0,0.00,0.00,0,0,0,1,0,0,0,0,0,0,0,0,0,0.00,0
1781563780,133405,0,0,1050.46,200.03,0,0,0,0,0,0,0,0.00,0.00,0,0,0,1,0,0,0,0,0,0,0,0,0,0.00,0
1781563781,133605,0,0,1043.81,199.99,0,0,0,0,0,0,0,0.00,0.00,0,0,0,1,0,0,0,0,0,0,0,0,0,0.00,0
1781563782,133805,0,0,1037.27,200.03,0,0,0,0,0,0,0,0.00,0.00,0,0,0,1,0,0,0,0,0,0,0,0,0,0.00,0
1781563783,134005,0,0,1030.83,199.98,0,0,0,0,0,0,0,0.00,0.00,0,0,0,1,0,0,0,0,0,0,0,0,0,0.00,0
1781563784,134205,0,0,1024.49,200.00,0,0,0,0,0,0,0,0.00,0.00,0,0,0,1,0,0,0,0,0,0,0,0,0,0.00,0
1781563785,134405,0,0,1018.24,199.93,0,0,0,0,0,0,0,0.00,0.00,0,0,0,1,0,0,0,0,0,0,0,0,0,0.00,0
1781563786,134605,0,0,1012.09,200.14,0,0,0,0,0,0,0,0.00,0.00,0,0,0,1,0,0,0,0,0,0,0,0,0,0.00,0
1781563787,134805,0,0,1006.03,199.98,0,0,0,0,0,0,0,0.00,0.00,0,0,0,1,0,0,0,0,0,0,0,0,0,0.00,0
1781563788,135005,0,0,1000.05,199.83,0,0,0,0,0,0,0,0.00,0.00,0,0,0,1,0,0,0,0,0,0,0,0,0,0.00,0
1781563789,135205,0,0,994.17,200.06,0,0,0,0,0,0,0,0.00,0.00,0,0,0,1,0,0,0,0,0,0,0,0,0,0.00,0
1781563790,135405,0,0,988.37,199.98,0,0,0,0,0,0,0,0.00,0.00,0,0,0,1,0,0,0,0,0,0,0,0,0,0.00,0
1781563791,135605,0,0,982.66,200.00,0,0,0,0,0,0,0,0.00,0.00,0,0,0,1,0,0,0,0,0,0,0,0,0,0.00,0
1781563792,135805,0,0,977.03,200.05,0,0,0,0,0,0,0,0.00,0.00,0,0,0,1,0,0,0,0,0,0,0,0,0,0.00,0
1781563793,136005,0,0,971.48,199.99,0,0,0,0,0,0,0,0.00,0.00,0,0,0,1,0,0,0,0,0,0,0,0,0,0.00,0
1781563794,136205,0,0,966.01,199.96,0,0,0,0,0,0,0,0.00,0.00,0,0,0,1,0,0,0,0,0,0,0,0,0,0.00,0
1781563795,136405,0,0,960.62,200.08,0,0,0,0,0,0,0,0.00,0.00,0,0,0,1,0,0,0,0,0,0,0,0,0,0.00,0
1781563796,136605,0,0,955.30,200.06,0,0,0,0,0,0,0,0.00,0.00,0,0,0,1,0,0,0,0,0,0,0,0,0,0.00,0
1781563797,136805,0,0,950.05,199.85,0,0,0,0,0,0,0,0.00,0.00,0,0,0,1,0,0,0,0,0,0,0,0,0,0.00,0
1781563798,137005,0,0,944.88,200.14,0,0,0,0,0,0,0,0.00,0.00,0,0,0,1,0,0,0,0,0,0,0,0,0,0.00,0
1781563799,137205,0,0,939.78,199.91,0,0,0,0,0,0,0,0.00,0.00,0,0,0,1,0,0,0,0,0,0,0,0,0,0.00,0
1781563800,137405,0,0,934.74,199.94,0,0,0,0,0,0,0,0.00,0.00,0,0,0,1,0,0,0,0,0,0,0,0,0,0.00,0
1781563801,137605,0,0,929.78,200.15,0,0,0,0,0,0,0,0.00,0.00,0,0,0,1,0,0,0,0,0,0,0,0,0,0.00,0
1781563802,137805,0,0,924.88,199.92,0,0,0,0,0,0,0,0.00,0.00,0,0,0,1,0,0,0,0,0,0,0,0,0,0.00,0
1781563803,138005,0,0,920.05,199.91,0,0,0,0,0,0,0,0.00,0.00,0,0,0,1,0,0,0,0,0,0,0,0,0,0.00,0
1781563804,138205,0,0,915.28,200.14,0,0,0,0,0,0,0,0.00,0.00,0,0,0,1,0,0,0,0,0,0,0,0,0,0.00,0
1781563805,138405,0,0,910.58,200.00,0,0,0,0,0,0,0,0.00,0.00,0,0,0,1,0,0,0,0,0,0,0,0,0,0.00,0
1781563806,138605,0,0,905.93,200.02,0,0,0,0,0,0,0,0.00,0.00,0,0,0,1,0,0,0,0,0,0,0,0,0,0.00,0
1781563807,138805,0,0,901.35,200.01,0,0,0,0,0,0,0,0.00,0.00,0,0,0,1,0,0,0,0,0,0,0,0,0,0.00,0
1781563808,139005,0,0,896.82,200.01,0,0,0,0,0,0,0,0.00,0.00,0,0,0,1,0,0,0,0,0,0,0,0,0,0.00,0
1781563809,139205,0,0,892.35,199.86,0,0,0,0,0,0,0,0.00,0.00,0,0,0,1,0,0,0,0,0,0,0,0,0,0.00,0
1781563810,139405,0,0,887.94,199.99,0,0,0,0,0,0,0,0.00,0.00,0,0,0,1,0,0,0,0,0,0,0,0,0,0.00,0
1781563811,139605,0,0,883.59,199.97,0,0,0,0,0,0,0,0.00,0.00,0,0,0,1,0,0,0,0,0,0,0,0,0,0.00,0
1781563812,139805,0,0,879.29,200.18,0,0,0,0,0,0,0,0.00,0.00,0,0,0,1,0,0,0,0,0,0,0,0,0,0.00,0
1781563813,140005,0,0,875.05,199.93,0,0,0,0,0,0,0,0.00,0.00,0,0,0,1,0,0,0,0,0,0,0,0,0,0.00,0
1781563814,140205,0,0,870.85,199.92,0,0,0,0,0,0,0,0.00,0.00,0,0,0,1,0,0,0,0,0,0,0,0,0,0.00,0
1781563815,140405,0,0,866.71,199.96,0,0,0,0,0,0,0,0.00,0.00,0,0,0,1,0,0,0,0,0,0,0,0,0,0.00,0
1781563816,140605,0,0,862.62,200.17,0,0,0,0,0,0,0,0.00,0.00,0,0,0,1,0,0,0,0,0,0,0,0,0,0.00,0
1781563817,140805,0,0,858.58,199.84,0,0,0,0,0,0,0,0.00,0.00,0,0,0,1,0,0,0,0,0,0,0,0,0,0.00,0
1781563818,141005,0,0,854.59,200.03,0,0,0,0,0,0,0,0.00,0.00,0,0,0,1,0,0,0,0,0,0,0,0,0,0.00,0
1781563819,141205,0,0,850.64,199.99,0,0,0,0,0,0,0,0.00,0.00,0,0,0,1,0,0,0,0,0,0,0,0,0,0.00,0
1781563820,141405,0,0,846.75,200.13,0,0,0,0,0,0,0,0.00,0.00,0,0,0,1,0,0,0,0,0,0,0,0,0,0.00,0
1781563821,141605,0,0,842.90,199.94,0,0,0,0,0,0,0,0.00,0.00,0,0,0,1,0,0,0,0,0,0,0,0,0,0.00,0
1781563822,141805,0,0,839.09,199.92,0,0,0,0,0,0,0,0.00,0.00,0,0,0,1,0,0,0,0,0,0,0,0,0,0.00,0
1781563823,142005,0,0,835.34,200.11,0,0,0,0,0,0,0,0.00,0.00,0,0,0,1,0,0,0,0,0,0,0,0,0,0.00,0
1781563824,142205,0,0,831.62,199.89,0,0,0,0,0,0,0,0.00,0.00,0,0,0,1,0,0,0,0,0,0,0,0,0,0.00,0
1781563825,142405,0,0,827.95,200.06,0,0,0,0,0,0,0,0.00,0.00,0,0,0,1,0,0,0,0,0,0,0,0,0,0.00,0
1781563826,142605,0,0,824.32,199.98,0,0,0,0,0,0,0,0.00,0.00,0,0,0,1,0,0,0,0,0,0,0,0,0,0.00,0
1781563827,142805,0,0,820.73,199.98,0,0,0,0,0,0,0,0.00,0.00,0,0,0,1,0,0,0,0,0,0,0,0,0,0.00,0
1781563828,143005,0,0,817.18,199.96,0,0,0,0,0,0,0,0.00,0.00,0,0,0,1,0,0,0,0,0,0,0,0,0,0.00,0
1781563829,143205,0,0,813.68,200.11,0,0,0,0,0,0,0,0.00,0.00,0,0,0,1,0,0,0,0,0,0,0,0,0,0.00,0
1781563830,143405,0,0,810.21,200.00,0,0,0,0,0,0,0,0.00,0.00,0,0,0,1,0,0,0,0,0,0,0,0,0,0.00,0
1781563831,143605,0,0,806.78,199.93,0,0,0,0,0,0,0,0.00,0.00,0,0,0,1,0,0,0,0,0,0,0,0,0,0.00,0
1781563832,143805,0,0,803.39,200.01,0,0,0,0,0,0,0,0.00,0.00,0,0,0,1,0,0,0,0,0,0,0,0,0,0.00,0
1781563833,144005,0,0,800.04,200.06,0,0,0,0,0,0,0,0.00,0.00,0,0,0,1,0,0,0,0,0,0,0,0,0,0.00,0
