transport,payload,rate,run_id,sub_tps,p50_ms,p95_ms,p99_ms,pub_tps,sent,recv,errors,artifacts_dir
zenoh,1024,5000,bench_20250909_205357_zenoh_p1024_r5000,4999.51,1.428,3.518,4.485,5000.99,100001,94954,0,/home/cc/mq-bench/artifacts/bench_20250909_205357_zenoh_p1024_r5000/local_baseline
zenoh,1024,10000,bench_20250909_205418_zenoh_p1024_r10000,10001.03,0.792,2.742,4.440,10001.33,200001,189946,0,/home/cc/mq-bench/artifacts/bench_20250909_205418_zenoh_p1024_r10000/local_baseline
zenoh,1024,50000,bench_20250909_205439_zenoh_p1024_r50000,50001.46,1.174,2.740,3.353,50009.53,1000001,949711,0,/home/cc/mq-bench/artifacts/bench_20250909_205439_zenoh_p1024_r50000/local_baseline
zenoh,1024,100000,bench_20250909_205500_zenoh_p1024_r100000,99994.02,1.389,3.506,4.960,100006.31,1999773,1899254,0,/home/cc/mq-bench/artifacts/bench_20250909_205500_zenoh_p1024_r100000/local_baseline
zenoh,1024,200000,bench_20250909_205521_zenoh_p1024_r200000,199905.13,1.476,4.940,7.500,200011.93,3999491,3796617,0,/home/cc/mq-bench/artifacts/bench_20250909_205521_zenoh_p1024_r200000/local_baseline
zenoh,1024,400000,bench_20250909_205542_zenoh_p1024_r400000,398405.30,3.723,25.248,36.340,399793.37,7994437,7567105,0,/home/cc/mq-bench/artifacts/bench_20250909_205542_zenoh_p1024_r400000/local_baseline
zenoh,4096,5000,bench_20250909_205604_zenoh_p4096_r5000,5000.59,0.604,2.335,2.621,5001.03,100001,94975,0,/home/cc/mq-bench/artifacts/bench_20250909_205604_zenoh_p4096_r5000/local_baseline
zenoh,4096,10000,bench_20250909_205625_zenoh_p4096_r10000,10003.52,0.685,1.493,2.601,10001.51,200001,190001,0,/home/cc/mq-bench/artifacts/bench_20250909_205625_zenoh_p4096_r10000/local_baseline
zenoh,4096,50000,bench_20250909_205646_zenoh_p4096_r50000,49995.68,0.805,2.281,3.910,49998.55,999758,949486,0,/home/cc/mq-bench/artifacts/bench_20250909_205646_zenoh_p4096_r50000/local_baseline
zenoh,4096,100000,bench_20250909_205707_zenoh_p4096_r100000,99921.25,2.548,15.213,22.200,99965.16,1998957,1897753,0,/home/cc/mq-bench/artifacts/bench_20250909_205707_zenoh_p4096_r100000/local_baseline
zenoh,4096,200000,bench_20250909_205728_zenoh_p4096_r200000,151645.49,5.140,21.561,25.313,152162.05,3042832,2879964,0,/home/cc/mq-bench/artifacts/bench_20250909_205728_zenoh_p4096_r200000/local_baseline
zenoh,4096,400000,bench_20250909_205749_zenoh_p4096_r400000,156411.66,9.617,23.904,27.574,156148.44,3122512,2970561,0,/home/cc/mq-bench/artifacts/bench_20250909_205749_zenoh_p4096_r400000/local_baseline
zenoh,16384,5000,bench_20250909_205810_zenoh_p16384_r5000,4998.23,0.406,0.640,1.035,5000.62,100001,94916,0,/home/cc/mq-bench/artifacts/bench_20250909_205810_zenoh_p16384_r5000/local_baseline
zenoh,16384,10000,bench_20250909_205831_zenoh_p16384_r10000,9998.47,0.432,0.660,0.870,10001.32,200001,189883,0,/home/cc/mq-bench/artifacts/bench_20250909_205831_zenoh_p16384_r10000/local_baseline
zenoh,16384,50000,bench_20250909_205852_zenoh_p16384_r50000,40561.65,0.723,2.320,6.070,40618.56,812255,770305,0,/home/cc/mq-bench/artifacts/bench_20250909_205852_zenoh_p16384_r50000/local_baseline
zenoh,16384,100000,bench_20250909_205913_zenoh_p16384_r100000,41093.33,0.746,2.562,8.634,41155.75,822945,780436,0,/home/cc/mq-bench/artifacts/bench_20250909_205913_zenoh_p16384_r100000/local_baseline
zenoh,16384,200000,bench_20250909_205934_zenoh_p16384_r200000,39278.27,0.661,2.161,7.741,39416.16,788175,746018,0,/home/cc/mq-bench/artifacts/bench_20250909_205934_zenoh_p16384_r200000/local_baseline
zenoh,16384,400000,bench_20250909_205955_zenoh_p16384_r400000,39286.76,0.637,3.697,8.741,39327.32,786409,746185,0,/home/cc/mq-bench/artifacts/bench_20250909_205955_zenoh_p16384_r400000/local_baseline
nats,1024,5000,bench_20250909_210636_nats_p1024_r5000,4999.97,1.383,3.439,4.440,5000.94,100001,94970,0,/home/cc/mq-bench/artifacts/bench_20250909_210636_nats_p1024_r5000/local_baseline
nats,1024,10000,bench_20250909_210657_nats_p1024_r10000,10003.59,0.744,2.652,4.399,10001.18,200001,190001,0,/home/cc/mq-bench/artifacts/bench_20250909_210657_nats_p1024_r10000/local_baseline
nats,1024,50000,bench_20250909_210718_nats_p1024_r50000,50006.82,1.165,2.712,3.320,50006.95,1000001,949781,0,/home/cc/mq-bench/artifacts/bench_20250909_210718_nats_p1024_r50000/local_baseline
nats,1024,100000,bench_20250909_210739_nats_p1024_r100000,99995.15,1.363,3.641,5.009,100011.57,2000001,1899110,0,/home/cc/mq-bench/artifacts/bench_20250909_210739_nats_p1024_r100000/local_baseline
nats,1024,200000,bench_20250909_210800_nats_p1024_r200000,199929.68,1.634,7.455,13.804,199919.87,3997939,3797166,0,/home/cc/mq-bench/artifacts/bench_20250909_210800_nats_p1024_r200000/local_baseline
nats,1024,400000,bench_20250909_210821_nats_p1024_r400000,398589.88,2.810,24.609,32.506,399559.21,7989890,7570523,0,/home/cc/mq-bench/artifacts/bench_20250909_210821_nats_p1024_r400000/local_baseline
nats,4096,5000,bench_20250909_210842_nats_p4096_r5000,5001.98,0.535,1.453,2.537,5000.79,100001,95001,0,/home/cc/mq-bench/artifacts/bench_20250909_210842_nats_p4096_r5000/local_baseline
nats,4096,10000,bench_20250909_210903_nats_p4096_r10000,10000.30,0.576,1.744,2.458,10001.79,200001,189921,0,/home/cc/mq-bench/artifacts/bench_20250909_210903_nats_p4096_r10000/local_baseline
nats,4096,50000,bench_20250909_210924_nats_p4096_r50000,49970.78,0.730,2.146,5.005,49995.22,999758,949186,0,/home/cc/mq-bench/artifacts/bench_20250909_210924_nats_p4096_r50000/local_baseline
nats,4096,100000,bench_20250909_210946_nats_p4096_r100000,99162.02,3.506,15.950,22.872,99918.29,1998047,1883251,0,/home/cc/mq-bench/artifacts/bench_20250909_210946_nats_p4096_r100000/local_baseline
nats,4096,200000,bench_20250909_211007_nats_p4096_r200000,148355.90,8.577,20.857,25.657,149537.56,2990340,2817655,0,/home/cc/mq-bench/artifacts/bench_20250909_211007_nats_p4096_r200000/local_baseline
nats,4096,400000,bench_20250909_211028_nats_p4096_r400000,144317.22,4.755,22.397,26.690,145665.92,2912815,2741034,0,/home/cc/mq-bench/artifacts/bench_20250909_211028_nats_p4096_r400000/local_baseline
nats,16384,5000,bench_20250909_211049_nats_p16384_r5000,5000.19,0.362,0.569,0.693,5000.79,100001,94965,0,/home/cc/mq-bench/artifacts/bench_20250909_211049_nats_p16384_r5000/local_baseline
nats,16384,10000,bench_20250909_211110_nats_p16384_r10000,10000.01,0.413,0.639,1.125,10001.46,200001,189931,0,/home/cc/mq-bench/artifacts/bench_20250909_211110_nats_p16384_r10000/local_baseline
nats,16384,50000,bench_20250909_211131_nats_p16384_r50000,39850.89,0.699,3.402,10.445,40108.49,802074,756874,0,/home/cc/mq-bench/artifacts/bench_20250909_211131_nats_p16384_r50000/local_baseline
nats,16384,100000,bench_20250909_211152_nats_p16384_r100000,38908.61,0.654,1.508,3.996,38794.46,775790,739026,0,/home/cc/mq-bench/artifacts/bench_20250909_211152_nats_p16384_r100000/local_baseline
nats,16384,200000,bench_20250909_211213_nats_p16384_r200000,39467.92,0.655,2.202,4.723,39423.90,788329,749580,0,/home/cc/mq-bench/artifacts/bench_20250909_211213_nats_p16384_r200000/local_baseline
nats,16384,400000,bench_20250909_211234_nats_p16384_r400000,40180.00,0.683,3.772,9.150,40320.27,806292,763100,0,/home/cc/mq-bench/artifacts/bench_20250909_211234_nats_p16384_r400000/local_baseline
rabbitmq,1024,5000,bench_20250909_211255_rabbitmq_p1024_r5000,5001.62,1.395,3.465,4.456,5000.79,100001,95001,0,/home/cc/mq-bench/artifacts/bench_20250909_211255_rabbitmq_p1024_r5000/local_baseline
rabbitmq,1024,10000,bench_20250909_211316_rabbitmq_p1024_r10000,10002.92,0.739,2.646,4.395,10001.79,200001,190001,0,/home/cc/mq-bench/artifacts/bench_20250909_211316_rabbitmq_p1024_r10000/local_baseline
rabbitmq,1024,50000,bench_20250909_211337_rabbitmq_p1024_r50000,50012.38,1.206,2.750,3.328,50008.13,1000001,949946,0,/home/cc/mq-bench/artifacts/bench_20250909_211337_rabbitmq_p1024_r50000/local_baseline
rabbitmq,1024,100000,bench_20250909_211358_rabbitmq_p1024_r100000,99997.06,1.309,3.551,4.973,100010.61,1999901,1899288,0,/home/cc/mq-bench/artifacts/bench_20250909_211358_rabbitmq_p1024_r100000/local_baseline
rabbitmq,1024,200000,bench_20250909_211420_rabbitmq_p1024_r200000,199907.59,1.406,5.747,9.544,199937.94,3998225,3796822,0,/home/cc/mq-bench/artifacts/bench_20250909_211420_rabbitmq_p1024_r200000/local_baseline
rabbitmq,1024,400000,bench_20250909_211441_rabbitmq_p1024_r400000,397522.01,3.701,23.937,32.883,399859.53,7995686,7549847,0,/home/cc/mq-bench/artifacts/bench_20250909_211441_rabbitmq_p1024_r400000/local_baseline
rabbitmq,4096,5000,bench_20250909_211502_rabbitmq_p4096_r5000,5001.95,0.600,1.498,2.589,5000.95,100001,95001,0,/home/cc/mq-bench/artifacts/bench_20250909_211502_rabbitmq_p4096_r5000/local_baseline
rabbitmq,4096,10000,bench_20250909_211523_rabbitmq_p4096_r10000,10000.77,0.606,1.833,2.462,10001.31,200001,189944,0,/home/cc/mq-bench/artifacts/bench_20250909_211523_rabbitmq_p4096_r10000/local_baseline
rabbitmq,4096,50000,bench_20250909_211544_rabbitmq_p4096_r50000,49996.68,0.675,1.998,4.248,49995.82,999758,949551,0,/home/cc/mq-bench/artifacts/bench_20250909_211544_rabbitmq_p4096_r50000/local_baseline
rabbitmq,4096,100000,bench_20250909_211605_rabbitmq_p4096_r100000,99472.66,2.109,16.507,23.577,99850.37,1996635,1889275,0,/home/cc/mq-bench/artifacts/bench_20250909_211605_rabbitmq_p4096_r100000/local_baseline
rabbitmq,4096,200000,bench_20250909_211626_rabbitmq_p4096_r200000,152014.54,8.651,23.085,28.557,152787.49,3055121,2887104,0,/home/cc/mq-bench/artifacts/bench_20250909_211626_rabbitmq_p4096_r200000/local_baseline
rabbitmq,4096,400000,bench_20250909_211647_rabbitmq_p4096_r400000,149093.78,8.376,22.872,27.591,150919.05,3017889,2831668,0,/home/cc/mq-bench/artifacts/bench_20250909_211647_rabbitmq_p4096_r400000/local_baseline
rabbitmq,16384,5000,bench_20250909_211708_rabbitmq_p16384_r5000,4999.70,0.369,0.625,0.824,5001.04,100001,94953,0,/home/cc/mq-bench/artifacts/bench_20250909_211708_rabbitmq_p16384_r5000/local_baseline
rabbitmq,16384,10000,bench_20250909_211729_rabbitmq_p16384_r10000,9998.39,0.400,0.610,0.803,10001.57,200001,189902,0,/home/cc/mq-bench/artifacts/bench_20250909_211729_rabbitmq_p16384_r10000/local_baseline
rabbitmq,16384,50000,bench_20250909_211750_rabbitmq_p16384_r50000,40993.44,0.626,2.132,7.188,41032.06,820508,778613,0,/home/cc/mq-bench/artifacts/bench_20250909_211750_rabbitmq_p16384_r50000/local_baseline
rabbitmq,16384,100000,bench_20250909_211811_rabbitmq_p16384_r100000,38363.32,0.616,4.114,9.069,38632.22,772530,728642,0,/home/cc/mq-bench/artifacts/bench_20250909_211811_rabbitmq_p16384_r100000/local_baseline
rabbitmq,16384,200000,bench_20250909_211833_rabbitmq_p16384_r200000,39596.16,0.604,4.637,9.847,40096.42,801825,752054,0,/home/cc/mq-bench/artifacts/bench_20250909_211833_rabbitmq_p16384_r200000/local_baseline
rabbitmq,16384,400000,bench_20250909_211854_rabbitmq_p16384_r400000,41686.36,0.631,2.001,10.682,41701.67,833915,791647,0,/home/cc/mq-bench/artifacts/bench_20250909_211854_rabbitmq_p16384_r400000/local_baseline
mqtt-mosquitto,1024,5000,bench_20250909_211915_mqtt_mosquitto_p1024_r5000,4999.58,10.715,13.361,20.644,4999.88,100002,94979,0,/home/cc/mq-bench/artifacts/bench_20250909_211915_mqtt_mosquitto_p1024_r5000/local_baseline
mqtt-emqx,1024,5000,bench_20250909_211936_mqtt_emqx_p1024_r5000,4999.92,10.920,13.844,20.857,4999.95,100002,94970,0,/home/cc/mq-bench/artifacts/bench_20250909_211936_mqtt_emqx_p1024_r5000/local_baseline
mqtt-hivemq,1024,5000,bench_20250909_211957_mqtt_hivemq_p1024_r5000,5015.01,11.592,15.204,22.594,5000.02,100001,94941,0,/home/cc/mq-bench/artifacts/bench_20250909_211957_mqtt_hivemq_p1024_r5000/local_baseline
mqtt-rabbitmq,1024,5000,bench_20250909_212018_mqtt_rabbitmq_p1024_r5000,5000.57,10.928,15.188,20.857,4999.84,100002,94979,0,/home/cc/mq-bench/artifacts/bench_20250909_212018_mqtt_rabbitmq_p1024_r5000/local_baseline
mqtt-artemis,1024,5000,bench_20250909_212039_mqtt_artemis_p1024_r5000,5001.09,10.519,12.304,20.742,4999.97,100001,94972,0,/home/cc/mq-bench/artifacts/bench_20250909_212039_mqtt_artemis_p1024_r5000/local_baseline
mqtt-mosquitto,1024,10000,bench_20250909_212100_mqtt_mosquitto_p1024_r10000,10000.21,5.743,12.517,13.369,9999.56,200002,189976,0,/home/cc/mq-bench/artifacts/bench_20250909_212100_mqtt_mosquitto_p1024_r10000/local_baseline
mqtt-emqx,1024,10000,bench_20250909_212121_mqtt_emqx_p1024_r10000,10000.94,5.378,12.861,14.033,9999.79,200002,189955,0,/home/cc/mq-bench/artifacts/bench_20250909_212121_mqtt_emqx_p1024_r10000/local_baseline
mqtt-hivemq,1024,10000,bench_20250909_212142_mqtt_hivemq_p1024_r10000,10007.29,6.095,15.073,16.761,9999.35,200002,189968,0,/home/cc/mq-bench/artifacts/bench_20250909_212142_mqtt_hivemq_p1024_r10000/local_baseline
mqtt-rabbitmq,1024,10000,bench_20250909_212203_mqtt_rabbitmq_p1024_r10000,9996.97,6.697,14.107,15.778,10000.00,200001,189875,0,/home/cc/mq-bench/artifacts/bench_20250909_212203_mqtt_rabbitmq_p1024_r10000/local_baseline
mqtt-artemis,1024,10000,bench_20250909_212224_mqtt_artemis_p1024_r10000,10003.89,3.332,11.788,12.476,9999.59,200002,190001,0,/home/cc/mq-bench/artifacts/bench_20250909_212224_mqtt_artemis_p1024_r10000/local_baseline
mqtt-mosquitto,1024,50000,bench_20250909_212245_mqtt_mosquitto_p1024_r50000,49993.60,3.772,6.349,9.069,49996.73,1000002,949657,0,/home/cc/mq-bench/artifacts/bench_20250909_212245_mqtt_mosquitto_p1024_r50000/local_baseline
mqtt-emqx,1024,50000,bench_20250909_212307_mqtt_emqx_p1024_r50000,46444.74,4.628,968.360,1242.563,49829.45,996586,882169,0,/home/cc/mq-bench/artifacts/bench_20250909_212307_mqtt_emqx_p1024_r50000/local_baseline
mqtt-hivemq,1024,50000,bench_20250909_212328_mqtt_hivemq_p1024_r50000,12901.07,281.805,419.430,988.283,49995.93,1000002,244890,0,/home/cc/mq-bench/artifacts/bench_20250909_212328_mqtt_hivemq_p1024_r50000/local_baseline
mqtt-rabbitmq,1024,50000,bench_20250909_212349_mqtt_rabbitmq_p1024_r50000,48909.79,265.945,406.061,417.333,49997.15,1000002,928991,0,/home/cc/mq-bench/artifacts/bench_20250909_212349_mqtt_rabbitmq_p1024_r50000/local_baseline
mqtt-artemis,1024,50000,bench_20250909_212410_mqtt_artemis_p1024_r50000,49995.92,4.227,12.567,20.398,49996.52,1000002,949331,0,/home/cc/mq-bench/artifacts/bench_20250909_212410_mqtt_artemis_p1024_r50000/local_baseline
mqtt-mosquitto,1024,100000,bench_20250909_212431_mqtt_mosquitto_p1024_r100000,53770.55,1363.149,1406.140,1420.820,58798.34,882077,1021414,0,/home/cc/mq-bench/artifacts/bench_20250909_212431_mqtt_mosquitto_p1024_r100000/local_baseline
mqtt-emqx,1024,100000,bench_20250909_212452_mqtt_emqx_p1024_r100000,39530.14,1350.566,2121.269,2206.204,50684.28,1013740,948459,0,/home/cc/mq-bench/artifacts/bench_20250909_212452_mqtt_emqx_p1024_r100000/local_baseline
mqtt-hivemq,1024,100000,bench_20250909_212518_mqtt_hivemq_p1024_r100000,10017.42,336.331,570.950,3359.638,99994.62,1999897,190194,0,/home/cc/mq-bench/artifacts/bench_20250909_212518_mqtt_hivemq_p1024_r100000/local_baseline
mqtt-rabbitmq,1024,100000,bench_20250909_212539_mqtt_rabbitmq_p1024_r100000,41765.13,1629.487,1661.993,1686.110,53371.79,1067445,1002164,0,/home/cc/mq-bench/artifacts/bench_20250909_212539_mqtt_rabbitmq_p1024_r100000/local_baseline
mqtt-artemis,1024,100000,bench_20250909_212605_mqtt_artemis_p1024_r100000,90782.03,276.562,1563.427,1745.879,99992.67,2000002,1723886,0,/home/cc/mq-bench/artifacts/bench_20250909_212605_mqtt_artemis_p1024_r100000/local_baseline
mqtt-mosquitto,1024,200000,bench_20250909_212626_mqtt_mosquitto_p1024_r200000,44965.37,1373.635,1397.752,1412.432,58324.39,874930,1078948,0,/home/cc/mq-bench/artifacts/bench_20250909_212626_mqtt_mosquitto_p1024_r200000/local_baseline
mqtt-emqx,1024,200000,bench_20250909_212652_mqtt_emqx_p1024_r200000,49809.72,1244.660,1320.157,1343.226,63027.88,1260574,1195293,0,/home/cc/mq-bench/artifacts/bench_20250909_212652_mqtt_emqx_p1024_r200000/local_baseline
mqtt-hivemq,1024,200000,bench_20250909_212718_mqtt_hivemq_p1024_r200000,7013.49,3084.911,7621.050,11760.828,199966.13,2999748,133160,0,/home/cc/mq-bench/artifacts/bench_20250909_212718_mqtt_hivemq_p1024_r200000/local_baseline
mqtt-rabbitmq,1024,200000,bench_20250909_212740_mqtt_rabbitmq_p1024_r200000,41870.58,1594.884,1657.799,1677.722,53498.90,1070039,1004758,0,/home/cc/mq-bench/artifacts/bench_20250909_212740_mqtt_rabbitmq_p1024_r200000/local_baseline
mqtt-artemis,1024,200000,bench_20250909_212806_mqtt_artemis_p1024_r200000,37623.04,4726.981,16659.775,18169.725,92260.21,1845279,902739,0,/home/cc/mq-bench/artifacts/bench_20250909_212806_mqtt_artemis_p1024_r200000/local_baseline
mqtt-mosquitto,1024,400000,bench_20250909_212832_mqtt_mosquitto_p1024_r400000,45716.60,1347.420,1370.489,1378.877,58112.46,1162288,1097007,0,/home/cc/mq-bench/artifacts/bench_20250909_212832_mqtt_mosquitto_p1024_r400000/local_baseline
mqtt-emqx,1024,400000,bench_20250909_212858_mqtt_emqx_p1024_r400000,34958.80,1944.060,2243.953,2300.576,45206.13,904159,838878,0,/home/cc/mq-bench/artifacts/bench_20250909_212858_mqtt_emqx_p1024_r400000/local_baseline
mqtt-hivemq,1024,400000,bench_20250909_212924_mqtt_hivemq_p1024_r400000,7149.11,3793.748,10997.465,11962.155,279533.17,4193146,171475,0,/home/cc/mq-bench/artifacts/bench_20250909_212924_mqtt_hivemq_p1024_r400000/local_baseline
mqtt-rabbitmq,1024,400000,bench_20250909_212950_mqtt_rabbitmq_p1024_r400000,41461.90,1634.730,1715.470,1775.239,54210.07,813228,994905,0,/home/cc/mq-bench/artifacts/bench_20250909_212950_mqtt_rabbitmq_p1024_r400000/local_baseline
mqtt-artemis,1024,400000,bench_20250909_213016_mqtt_artemis_p1024_r400000,36160.46,4016.046,17918.067,19193.135,92307.43,1846292,867589,0,/home/cc/mq-bench/artifacts/bench_20250909_213016_mqtt_artemis_p1024_r400000/local_baseline
mqtt-mosquitto,4096,5000,bench_20250909_213042_mqtt_mosquitto_p4096_r5000,5000.25,3.232,11.108,11.592,4999.73,100002,94979,0,/home/cc/mq-bench/artifacts/bench_20250909_213042_mqtt_mosquitto_p4096_r5000/local_baseline
mqtt-emqx,4096,5000,bench_20250909_213103_mqtt_emqx_p4096_r5000,5001.11,3.946,11.354,12.100,5000.07,100002,94989,0,/home/cc/mq-bench/artifacts/bench_20250909_213103_mqtt_emqx_p4096_r5000/local_baseline
mqtt-hivemq,4096,5000,bench_20250909_213124_mqtt_hivemq_p4096_r5000,5001.37,4.415,12.100,13.468,4999.86,100002,94989,0,/home/cc/mq-bench/artifacts/bench_20250909_213124_mqtt_hivemq_p4096_r5000/local_baseline
mqtt-rabbitmq,4096,5000,bench_20250909_213145_mqtt_rabbitmq_p4096_r5000,5001.30,3.314,11.477,14.172,4999.68,100002,94995,0,/home/cc/mq-bench/artifacts/bench_20250909_213145_mqtt_rabbitmq_p4096_r5000/local_baseline
mqtt-artemis,4096,5000,bench_20250909_213207_mqtt_artemis_p4096_r5000,5000.91,2.091,11.108,11.354,4999.85,100002,94986,0,/home/cc/mq-bench/artifacts/bench_20250909_213207_mqtt_artemis_p4096_r5000/local_baseline
mqtt-mosquitto,4096,10000,bench_20250909_213228_mqtt_mosquitto_p4096_r10000,9998.90,4.743,7.143,11.092,9999.24,200001,189935,0,/home/cc/mq-bench/artifacts/bench_20250909_213228_mqtt_mosquitto_p4096_r10000/local_baseline
mqtt-emqx,4096,10000,bench_20250909_213249_mqtt_emqx_p4096_r10000,9999.29,7.029,13.566,16.605,9999.41,200001,189945,0,/home/cc/mq-bench/artifacts/bench_20250909_213249_mqtt_emqx_p4096_r10000/local_baseline
mqtt-hivemq,4096,10000,bench_20250909_213310_mqtt_hivemq_p4096_r10000,9989.75,7.754,12.640,71.369,9999.58,200001,189699,0,/home/cc/mq-bench/artifacts/bench_20250909_213310_mqtt_hivemq_p4096_r10000/local_baseline
mqtt-rabbitmq,4096,10000,bench_20250909_213331_mqtt_rabbitmq_p4096_r10000,9999.95,5.100,10.379,11.428,9999.97,200002,189944,0,/home/cc/mq-bench/artifacts/bench_20250909_213331_mqtt_rabbitmq_p4096_r10000/local_baseline
mqtt-artemis,4096,10000,bench_20250909_213352_mqtt_artemis_p4096_r10000,10003.01,3.400,7.123,11.493,9999.64,200002,189982,0,/home/cc/mq-bench/artifacts/bench_20250909_213352_mqtt_artemis_p4096_r10000/local_baseline
mqtt-mosquitto,4096,50000,bench_20250909_213413_mqtt_mosquitto_p4096_r50000,31330.23,1765.802,1858.077,1878.000,41652.99,624852,751774,0,/home/cc/mq-bench/artifacts/bench_20250909_213413_mqtt_mosquitto_p4096_r50000/local_baseline
mqtt-emqx,4096,50000,bench_20250909_213439_mqtt_emqx_p4096_r50000,17793.27,3212.837,3321.889,3332.375,25425.36,381409,426928,0,/home/cc/mq-bench/artifacts/bench_20250909_213439_mqtt_emqx_p4096_r50000/local_baseline
mqtt-hivemq,4096,50000,bench_20250909_213505_mqtt_hivemq_p4096_r50000,11295.16,108.069,182.845,292.028,49940.13,749125,214487,0,/home/cc/mq-bench/artifacts/bench_20250909_213505_mqtt_hivemq_p4096_r50000/local_baseline
mqtt-rabbitmq,4096,50000,bench_20250909_213526_mqtt_rabbitmq_p4096_r50000,37739.31,990.904,1538.261,1598.030,49743.74,746193,905497,0,/home/cc/mq-bench/artifacts/bench_20250909_213526_mqtt_rabbitmq_p4096_r50000/local_baseline
mqtt-artemis,4096,50000,bench_20250909_213552_mqtt_artemis_p4096_r50000,49982.11,6.406,138.281,351.273,49966.11,999334,949268,0,/home/cc/mq-bench/artifacts/bench_20250909_213552_mqtt_artemis_p4096_r50000/local_baseline
mqtt-mosquitto,4096,100000,bench_20250909_213613_mqtt_mosquitto_p4096_r100000,31574.59,1783.628,1864.368,1876.951,42212.30,633218,757631,0,/home/cc/mq-bench/artifacts/bench_20250909_213613_mqtt_mosquitto_p4096_r100000/local_baseline
mqtt-emqx,4096,100000,bench_20250909_213640_mqtt_emqx_p4096_r100000,20318.69,2682.257,3204.448,3246.391,27112.15,406706,487536,0,/home/cc/mq-bench/artifacts/bench_20250909_213640_mqtt_emqx_p4096_r100000/local_baseline
mqtt-hivemq,4096,100000,bench_20250909_213706_mqtt_hivemq_p4096_r100000,7844.22,1465.909,3911.188,3999.269,84709.08,1270791,188173,0,/home/cc/mq-bench/artifacts/bench_20250909_213706_mqtt_hivemq_p4096_r100000/local_baseline
mqtt-rabbitmq,4096,100000,bench_20250909_213732_mqtt_rabbitmq_p4096_r100000,38349.30,1506.804,1519.387,1522.532,50431.95,756521,920173,0,/home/cc/mq-bench/artifacts/bench_20250909_213732_mqtt_rabbitmq_p4096_r100000/local_baseline
mqtt-artemis,4096,100000,bench_20250909_213758_mqtt_artemis_p4096_r100000,34717.34,1974.469,14579.401,15460.205,59379.06,1187621,832961,0,/home/cc/mq-bench/artifacts/bench_20250909_213758_mqtt_artemis_p4096_r100000/local_baseline
mqtt-mosquitto,4096,200000,bench_20250909_213824_mqtt_mosquitto_p4096_r200000,32046.44,1749.025,1823.474,1826.619,42577.36,638702,768966,0,/home/cc/mq-bench/artifacts/bench_20250909_213824_mqtt_mosquitto_p4096_r200000/local_baseline
mqtt-emqx,4096,200000,bench_20250909_213850_mqtt_emqx_p4096_r200000,25220.42,2227.175,2273.313,2279.604,33520.40,670413,605132,0,/home/cc/mq-bench/artifacts/bench_20250909_213850_mqtt_emqx_p4096_r200000/local_baseline
mqtt-hivemq,4096,200000,bench_20250909_213916_mqtt_hivemq_p4096_r200000,9320.94,532.152,3112.174,4192.207,118517.92,1777878,223612,0,/home/cc/mq-bench/artifacts/bench_20250909_213916_mqtt_hivemq_p4096_r200000/local_baseline
mqtt-rabbitmq,4096,200000,bench_20250909_213942_mqtt_rabbitmq_p4096_r200000,33409.55,1716.519,1879.048,1925.186,44225.35,663381,801622,0,/home/cc/mq-bench/artifacts/bench_20250909_213942_mqtt_rabbitmq_p4096_r200000/local_baseline
mqtt-artemis,4096,200000,bench_20250909_214008_mqtt_artemis_p4096_r200000,42858.28,2040.529,11727.274,12910.068,78972.21,1184660,1028236,0,/home/cc/mq-bench/artifacts/bench_20250909_214008_mqtt_artemis_p4096_r200000/local_baseline
mqtt-mosquitto,4096,400000,bench_20250909_214034_mqtt_mosquitto_p4096_r400000,32288.64,1753.219,1822.425,1847.591,43025.00,645466,774868,0,/home/cc/mq-bench/artifacts/bench_20250909_214034_mqtt_mosquitto_p4096_r400000/local_baseline
mqtt-emqx,4096,400000,bench_20250909_214100_mqtt_emqx_p4096_r400000,24106.51,2275.410,2864.710,2881.487,32189.36,643800,578416,0,/home/cc/mq-bench/artifacts/bench_20250909_214100_mqtt_emqx_p4096_r400000/local_baseline
mqtt-hivemq,4096,400000,bench_20250909_214127_mqtt_hivemq_p4096_r400000,9485.94,1825.571,3502.244,4571.791,120186.04,1802931,227570,0,/home/cc/mq-bench/artifacts/bench_20250909_214127_mqtt_hivemq_p4096_r400000/local_baseline
mqtt-rabbitmq,4096,400000,bench_20250909_214153_mqtt_rabbitmq_p4096_r400000,32039.02,1824.522,1979.711,2044.723,43393.52,650937,768743,0,/home/cc/mq-bench/artifacts/bench_20250909_214153_mqtt_rabbitmq_p4096_r400000/local_baseline
mqtt-artemis,4096,400000,bench_20250909_214219_mqtt_artemis_p4096_r400000,30948.75,1261.437,2980.053,3131.048,80737.64,1211085,742553,0,/home/cc/mq-bench/artifacts/bench_20250909_214219_mqtt_artemis_p4096_r400000/local_baseline
mqtt-mosquitto,16384,5000,bench_20250909_214245_mqtt_mosquitto_p16384_r5000,0.00,0.000,0.000,0.000,4999.96,100001,0,0,/home/cc/mq-bench/artifacts/bench_20250909_214245_mqtt_mosquitto_p16384_r5000/local_baseline
mqtt-emqx,16384,5000,bench_20250909_214306_mqtt_emqx_p16384_r5000,0.00,0.000,0.000,0.000,4999.62,100001,0,0,/home/cc/mq-bench/artifacts/bench_20250909_214306_mqtt_emqx_p16384_r5000/local_baseline
mqtt-hivemq,16384,5000,bench_20250909_214327_mqtt_hivemq_p16384_r5000,0.00,0.000,0.000,0.000,4999.89,100001,0,0,/home/cc/mq-bench/artifacts/bench_20250909_214327_mqtt_hivemq_p16384_r5000/local_baseline
mqtt-rabbitmq,16384,5000,bench_20250909_214348_mqtt_rabbitmq_p16384_r5000,0.00,0.000,0.000,0.000,4999.55,100001,0,0,/home/cc/mq-bench/artifacts/bench_20250909_214348_mqtt_rabbitmq_p16384_r5000/local_baseline
mqtt-artemis,16384,5000,bench_20250909_214409_mqtt_artemis_p16384_r5000,0.00,0.000,0.000,0.000,5000.02,100002,0,0,/home/cc/mq-bench/artifacts/bench_20250909_214409_mqtt_artemis_p16384_r5000/local_baseline
mqtt-mosquitto,16384,10000,bench_20250909_214430_mqtt_mosquitto_p16384_r10000,0.00,0.000,0.000,0.000,9999.83,200001,0,0,/home/cc/mq-bench/artifacts/bench_20250909_214430_mqtt_mosquitto_p16384_r10000/local_baseline
mqtt-emqx,16384,10000,bench_20250909_214451_mqtt_emqx_p16384_r10000,0.00,0.000,0.000,0.000,9999.63,200002,0,0,/home/cc/mq-bench/artifacts/bench_20250909_214451_mqtt_emqx_p16384_r10000/local_baseline
mqtt-hivemq,16384,10000,bench_20250909_214512_mqtt_hivemq_p16384_r10000,0.00,0.000,0.000,0.000,9999.99,200001,0,0,/home/cc/mq-bench/artifacts/bench_20250909_214512_mqtt_hivemq_p16384_r10000/local_baseline
mqtt-rabbitmq,16384,10000,bench_20250909_214533_mqtt_rabbitmq_p16384_r10000,0.00,0.000,0.000,0.000,9999.83,200001,0,0,/home/cc/mq-bench/artifacts/bench_20250909_214533_mqtt_rabbitmq_p16384_r10000/local_baseline
mqtt-artemis,16384,10000,bench_20250909_214555_mqtt_artemis_p16384_r10000,0.00,0.000,0.000,0.000,9999.45,200001,0,0,/home/cc/mq-bench/artifacts/bench_20250909_214555_mqtt_artemis_p16384_r10000/local_baseline
mqtt-mosquitto,16384,50000,bench_20250909_214616_mqtt_mosquitto_p16384_r50000,0.00,0.000,0.000,0.000,43441.11,651673,0,0,/home/cc/mq-bench/artifacts/bench_20250909_214616_mqtt_mosquitto_p16384_r50000/local_baseline
mqtt-emqx,16384,50000,bench_20250909_214637_mqtt_emqx_p16384_r50000,0.00,0.000,0.000,0.000,43838.30,657631,0,0,/home/cc/mq-bench/artifacts/bench_20250909_214637_mqtt_emqx_p16384_r50000/local_baseline
mqtt-hivemq,16384,50000,bench_20250909_214658_mqtt_hivemq_p16384_r50000,0.00,0.000,0.000,0.000,43006.28,860137,0,0,/home/cc/mq-bench/artifacts/bench_20250909_214658_mqtt_hivemq_p16384_r50000/local_baseline
mqtt-rabbitmq,16384,50000,bench_20250909_214719_mqtt_rabbitmq_p16384_r50000,0.00,0.000,0.000,0.000,42933.40,644063,0,0,/home/cc/mq-bench/artifacts/bench_20250909_214719_mqtt_rabbitmq_p16384_r50000/local_baseline
mqtt-artemis,16384,50000,bench_20250909_214740_mqtt_artemis_p16384_r50000,0.00,0.000,0.000,0.000,42167.45,632570,0,0,/home/cc/mq-bench/artifacts/bench_20250909_214740_mqtt_artemis_p16384_r50000/local_baseline
mqtt-mosquitto,16384,100000,bench_20250909_214801_mqtt_mosquitto_p16384_r100000,0.00,0.000,0.000,0.000,43853.52,657844,0,0,/home/cc/mq-bench/artifacts/bench_20250909_214801_mqtt_mosquitto_p16384_r100000/local_baseline
mqtt-emqx,16384,100000,bench_20250909_214822_mqtt_emqx_p16384_r100000,0.00,0.000,0.000,0.000,43331.03,650025,0,0,/home/cc/mq-bench/artifacts/bench_20250909_214822_mqtt_emqx_p16384_r100000/local_baseline
mqtt-hivemq,16384,100000,bench_20250909_214843_mqtt_hivemq_p16384_r100000,0.00,0.000,0.000,0.000,43451.59,651781,0,0,/home/cc/mq-bench/artifacts/bench_20250909_214843_mqtt_hivemq_p16384_r100000/local_baseline
mqtt-rabbitmq,16384,100000,bench_20250909_214904_mqtt_rabbitmq_p16384_r100000,0.00,0.000,0.000,0.000,43339.48,650091,0,0,/home/cc/mq-bench/artifacts/bench_20250909_214904_mqtt_rabbitmq_p16384_r100000/local_baseline
mqtt-artemis,16384,100000,bench_20250909_214925_mqtt_artemis_p16384_r100000,0.00,0.000,0.000,0.000,43936.43,659105,0,0,/home/cc/mq-bench/artifacts/bench_20250909_214925_mqtt_artemis_p16384_r100000/local_baseline
mqtt-mosquitto,16384,200000,bench_20250909_214946_mqtt_mosquitto_p16384_r200000,0.00,0.000,0.000,0.000,44896.43,673518,0,0,/home/cc/mq-bench/artifacts/bench_20250909_214946_mqtt_mosquitto_p16384_r200000/local_baseline
mqtt-emqx,16384,200000,bench_20250909_215008_mqtt_emqx_p16384_r200000,0.00,0.000,0.000,0.000,44465.69,667027,0,0,/home/cc/mq-bench/artifacts/bench_20250909_215008_mqtt_emqx_p16384_r200000/local_baseline
mqtt-hivemq,16384,200000,bench_20250909_215029_mqtt_hivemq_p16384_r200000,0.00,0.000,0.000,0.000,43136.74,647083,0,0,/home/cc/mq-bench/artifacts/bench_20250909_215029_mqtt_hivemq_p16384_r200000/local_baseline
mqtt-rabbitmq,16384,200000,bench_20250909_215050_mqtt_rabbitmq_p16384_r200000,0.00,0.000,0.000,0.000,43639.19,654615,0,0,/home/cc/mq-bench/artifacts/bench_20250909_215050_mqtt_rabbitmq_p16384_r200000/local_baseline
mqtt-artemis,16384,200000,bench_20250909_215111_mqtt_artemis_p16384_r200000,0.00,0.000,0.000,0.000,44659.93,669944,0,0,/home/cc/mq-bench/artifacts/bench_20250909_215111_mqtt_artemis_p16384_r200000/local_baseline
mqtt-mosquitto,16384,400000,bench_20250909_215132_mqtt_mosquitto_p16384_r400000,0.00,0.000,0.000,0.000,45335.96,680057,0,0,/home/cc/mq-bench/artifacts/bench_20250909_215132_mqtt_mosquitto_p16384_r400000/local_baseline
mqtt-emqx,16384,400000,bench_20250909_215153_mqtt_emqx_p16384_r400000,0.00,0.000,0.000,0.000,43634.25,654559,0,0,/home/cc/mq-bench/artifacts/bench_20250909_215153_mqtt_emqx_p16384_r400000/local_baseline
mqtt-hivemq,16384,400000,bench_20250909_215214_mqtt_hivemq_p16384_r400000,0.00,0.000,0.000,0.000,43613.93,654221,0,0,/home/cc/mq-bench/artifacts/bench_20250909_215214_mqtt_hivemq_p16384_r400000/local_baseline
mqtt-rabbitmq,16384,400000,bench_20250909_215235_mqtt_rabbitmq_p16384_r400000,0.00,0.000,0.000,0.000,43872.31,658134,0,0,/home/cc/mq-bench/artifacts/bench_20250909_215235_mqtt_rabbitmq_p16384_r400000/local_baseline
mqtt-artemis,16384,400000,bench_20250909_215256_mqtt_artemis_p16384_r400000,0.00,0.000,0.000,0.000,43377.02,650678,0,0,/home/cc/mq-bench/artifacts/bench_20250909_215256_mqtt_artemis_p16384_r400000/local_baseline
fanout-zenoh-s4,1024,1000,bench_20250909_215317_fanout_zenoh_s4_p1024_r1000,4001.84,0.443,2.419,2.583,1000.22,20001,76004,0,/home/cc/mq-bench/artifacts/bench_20250909_215317_fanout_zenoh_s4_p1024_r1000/fanout_singlesite
fanout-zenoh-s4,4096,1000,bench_20250909_215338_fanout_zenoh_s4_p4096_r1000,4001.02,0.531,2.527,2.748,1000.22,20001,75978,0,/home/cc/mq-bench/artifacts/bench_20250909_215338_fanout_zenoh_s4_p4096_r1000/fanout_singlesite
fanout-zenoh-s4,16384,1000,bench_20250909_215359_fanout_zenoh_s4_p16384_r1000,4002.17,0.562,0.994,1.678,1000.23,20001,76004,0,/home/cc/mq-bench/artifacts/bench_20250909_215359_fanout_zenoh_s4_p16384_r1000/fanout_singlesite
fanout-zenoh-s16,1024,1000,bench_20250909_215420_fanout_zenoh_s16_p1024_r1000,16006.62,0.769,1.908,2.845,1000.19,20001,304011,0,/home/cc/mq-bench/artifacts/bench_20250909_215420_fanout_zenoh_s16_p1024_r1000/fanout_singlesite
fanout-zenoh-s16,4096,1000,bench_20250909_215442_fanout_zenoh_s16_p4096_r1000,16001.86,0.943,2.574,3.054,1000.17,20001,303903,0,/home/cc/mq-bench/artifacts/bench_20250909_215442_fanout_zenoh_s16_p4096_r1000/fanout_singlesite
fanout-zenoh-s16,16384,1000,bench_20250909_215503_fanout_zenoh_s16_p16384_r1000,16002.58,1.653,2.728,3.252,1000.23,20001,303938,0,/home/cc/mq-bench/artifacts/bench_20250909_215503_fanout_zenoh_s16_p16384_r1000/fanout_singlesite
fanout-zenoh-s64,1024,1000,bench_20250909_215524_fanout_zenoh_s64_p1024_r1000,64013.92,1.986,3.408,4.432,1000.18,20001,1215768,0,/home/cc/mq-bench/artifacts/bench_20250909_215524_fanout_zenoh_s64_p1024_r1000/fanout_singlesite
fanout-zenoh-s64,4096,1000,bench_20250909_215545_fanout_zenoh_s64_p4096_r1000,64000.10,2.675,4.514,5.464,1000.25,20001,1215510,0,/home/cc/mq-bench/artifacts/bench_20250909_215545_fanout_zenoh_s64_p4096_r1000/fanout_singlesite
fanout-zenoh-s64,16384,1000,bench_20250909_215606_fanout_zenoh_s64_p16384_r1000,63892.19,3.539,6.394,7.115,1000.23,20001,1213400,0,/home/cc/mq-bench/artifacts/bench_20250909_215606_fanout_zenoh_s64_p16384_r1000/fanout_singlesite
fanout-zenoh-s128,1024,1000,bench_20250909_215627_fanout_zenoh_s128_p1024_r1000,118010.01,3.138,5.378,6.222,1000.25,20001,2241342,0,/home/cc/mq-bench/artifacts/bench_20250909_215627_fanout_zenoh_s128_p1024_r1000/fanout_singlesite
fanout-zenoh-s128,4096,1000,bench_20250909_215648_fanout_zenoh_s128_p4096_r1000,128017.40,3.826,6.423,7.229,1000.22,20001,2431582,0,/home/cc/mq-bench/artifacts/bench_20250909_215648_fanout_zenoh_s128_p4096_r1000/fanout_singlesite
fanout-zenoh-s128,16384,1000,bench_20250909_215709_fanout_zenoh_s128_p16384_r1000,115793.15,7.037,78.578,88.343,1000.35,20001,2198742,0,/home/cc/mq-bench/artifacts/bench_20250909_215709_fanout_zenoh_s128_p16384_r1000/fanout_singlesite
fanout-zenoh-s256,1024,1000,bench_20250909_215730_fanout_zenoh_s256_p1024_r1000,250986.91,5.042,7.692,8.511,1000.26,20001,4766868,0,/home/cc/mq-bench/artifacts/bench_20250909_215730_fanout_zenoh_s256_p1024_r1000/fanout_singlesite
fanout-zenoh-s256,4096,1000,bench_20250909_215751_fanout_zenoh_s256_p4096_r1000,250995.07,5.816,10.068,14.254,1000.20,20001,4766703,0,/home/cc/mq-bench/artifacts/bench_20250909_215751_fanout_zenoh_s256_p4096_r1000/fanout_singlesite
fanout-zenoh-s256,16384,1000,bench_20250909_215812_fanout_zenoh_s256_p16384_r1000,108890.49,5.349,10.158,65.503,1000.19,20001,2067884,0,/home/cc/mq-bench/artifacts/bench_20250909_215812_fanout_zenoh_s256_p16384_r1000/fanout_singlesite
fanout-zenoh-s512,1024,1000,bench_20250909_215833_fanout_zenoh_s512_p1024_r1000,216995.17,4.227,7.037,7.926,1000.21,20001,4121278,0,/home/cc/mq-bench/artifacts/bench_20250909_215833_fanout_zenoh_s512_p1024_r1000/fanout_singlesite
fanout-zenoh-s512,4096,1000,bench_20250909_215854_fanout_zenoh_s512_p4096_r1000,356916.53,168.165,210.108,221.512,1000.16,20001,6778870,0,/home/cc/mq-bench/artifacts/bench_20250909_215854_fanout_zenoh_s512_p4096_r1000/fanout_singlesite
fanout-zenoh-s512,16384,1000,bench_20250909_215916_fanout_zenoh_s512_p16384_r1000,91764.42,2919.236,3196.060,3252.683,1000.19,20001,2201655,0,/home/cc/mq-bench/artifacts/bench_20250909_215916_fanout_zenoh_s512_p16384_r1000/fanout_singlesite
fanout-zenoh-s1024,1024,1000,bench_20250909_215942_fanout_zenoh_s1024_p1024_r1000,438952.53,8.978,18.153,20.742,1000.19,20001,8337826,0,/home/cc/mq-bench/artifacts/bench_20250909_215942_fanout_zenoh_s1024_p1024_r1000/fanout_singlesite
fanout-zenoh-s1024,4096,1000,bench_20250909_220003_fanout_zenoh_s1024_p4096_r1000,332320.36,3286.237,4106.224,4299.162,1000.16,20001,7973528,0,/home/cc/mq-bench/artifacts/bench_20250909_220003_fanout_zenoh_s1024_p4096_r1000/fanout_singlesite
fanout-zenoh-s1024,16384,1000,bench_20250909_220029_fanout_zenoh_s1024_p16384_r1000,94169.93,3816.817,4198.498,4282.384,1000.21,20001,2259546,0,/home/cc/mq-bench/artifacts/bench_20250909_220029_fanout_zenoh_s1024_p16384_r1000/fanout_singlesite
fanout-redis-s4,1024,1000,bench_20250909_220055_fanout_redis_s4_p1024_r1000,4000.85,0.291,0.357,0.403,1000.00,20001,76004,0,/home/cc/mq-bench/artifacts/bench_20250909_220055_fanout_redis_s4_p1024_r1000/fanout_singlesite
fanout-redis-s4,4096,1000,bench_20250909_220116_fanout_redis_s4_p4096_r1000,4001.00,0.320,0.409,0.472,1000.02,20001,76004,0,/home/cc/mq-bench/artifacts/bench_20250909_220116_fanout_redis_s4_p4096_r1000/fanout_singlesite
fanout-redis-s4,16384,1000,bench_20250909_220137_fanout_redis_s4_p16384_r1000,4001.20,0.397,0.474,0.539,1000.06,20001,76004,0,/home/cc/mq-bench/artifacts/bench_20250909_220137_fanout_redis_s4_p16384_r1000/fanout_singlesite
fanout-redis-s16,1024,1000,bench_20250909_220158_fanout_redis_s16_p1024_r1000,16003.93,0.589,0.784,1.054,1000.07,20001,304016,0,/home/cc/mq-bench/artifacts/bench_20250909_220158_fanout_redis_s16_p1024_r1000/fanout_singlesite
fanout-redis-s16,4096,1000,bench_20250909_220219_fanout_redis_s16_p4096_r1000,16002.03,0.844,1.111,1.282,1000.00,20001,303943,0,/home/cc/mq-bench/artifacts/bench_20250909_220219_fanout_redis_s16_p4096_r1000/fanout_singlesite
fanout-redis-s16,16384,1000,bench_20250909_220240_fanout_redis_s16_p16384_r1000,16002.94,0.916,1.207,1.318,1000.04,20001,303976,0,/home/cc/mq-bench/artifacts/bench_20250909_220240_fanout_redis_s16_p16384_r1000/fanout_singlesite
fanout-redis-s64,1024,1000,bench_20250909_220301_fanout_redis_s64_p1024_r1000,64006.36,1.006,1.346,1.552,1000.03,20001,1215803,0,/home/cc/mq-bench/artifacts/bench_20250909_220301_fanout_redis_s64_p1024_r1000/fanout_singlesite
fanout-redis-s64,4096,1000,bench_20250909_220323_fanout_redis_s64_p4096_r1000,64002.44,1.132,1.495,1.701,1000.05,20001,1215731,0,/home/cc/mq-bench/artifacts/bench_20250909_220323_fanout_redis_s64_p4096_r1000/fanout_singlesite
fanout-redis-s64,16384,1000,bench_20250909_220344_fanout_redis_s64_p16384_r1000,60886.14,1.547,1.971,2.185,951.68,19031,1156490,0,/home/cc/mq-bench/artifacts/bench_20250909_220344_fanout_redis_s64_p16384_r1000/fanout_singlesite
fanout-redis-s128,1024,1000,bench_20250909_220405_fanout_redis_s128_p1024_r1000,114132.29,1.680,2.157,2.451,892.53,17849,2167936,0,/home/cc/mq-bench/artifacts/bench_20250909_220405_fanout_redis_s128_p1024_r1000/fanout_singlesite
fanout-redis-s128,4096,1000,bench_20250909_220426_fanout_redis_s128_p4096_r1000,81148.78,2.335,3.004,3.504,633.99,12679,1541401,0,/home/cc/mq-bench/artifacts/bench_20250909_220426_fanout_redis_s128_p4096_r1000/fanout_singlesite
fanout-redis-s128,16384,1000,bench_20250909_220447_fanout_redis_s128_p16384_r1000,60331.81,3.090,3.951,4.321,471.33,9426,1145985,0,/home/cc/mq-bench/artifacts/bench_20250909_220447_fanout_redis_s128_p16384_r1000/fanout_singlesite
fanout-redis-s256,1024,1000,bench_20250909_220508_fanout_redis_s256_p1024_r1000,114196.68,3.312,4.276,5.071,445.77,8915,2169406,0,/home/cc/mq-bench/artifacts/bench_20250909_220508_fanout_redis_s256_p1024_r1000/fanout_singlesite
fanout-redis-s256,4096,1000,bench_20250909_220529_fanout_redis_s256_p4096_r1000,81728.34,4.624,5.964,6.578,319.43,6388,1552349,0,/home/cc/mq-bench/artifacts/bench_20250909_220529_fanout_redis_s256_p4096_r1000/fanout_singlesite
fanout-redis-s256,16384,1000,bench_20250909_220550_fanout_redis_s256_p16384_r1000,57497.81,6.418,8.221,8.765,224.86,4496,1091954,0,/home/cc/mq-bench/artifacts/bench_20250909_220550_fanout_redis_s256_p16384_r1000/fanout_singlesite
fanout-redis-s512,1024,1000,bench_20250909_220611_fanout_redis_s512_p1024_r1000,117051.06,6.451,8.327,9.658,228.76,4575,2223353,0,/home/cc/mq-bench/artifacts/bench_20250909_220611_fanout_redis_s512_p1024_r1000/fanout_singlesite
fanout-redis-s512,4096,1000,bench_20250909_220632_fanout_redis_s512_p4096_r1000,79494.87,9.503,12.288,14.164,155.42,3108,1509894,0,/home/cc/mq-bench/artifacts/bench_20250909_220632_fanout_redis_s512_p4096_r1000/fanout_singlesite
fanout-redis-s512,16384,1000,bench_20250909_220653_fanout_redis_s512_p16384_r1000,44624.95,16.114,20.414,22.102,87.20,1743,847292,0,/home/cc/mq-bench/artifacts/bench_20250909_220653_fanout_redis_s512_p16384_r1000/fanout_singlesite
fanout-redis-s1024,1024,1000,bench_20250909_220714_fanout_redis_s1024_p1024_r1000,117453.60,12.673,16.368,19.366,115.96,2319,2231008,0,/home/cc/mq-bench/artifacts/bench_20250909_220714_fanout_redis_s1024_p1024_r1000/fanout_singlesite
fanout-redis-s1024,4096,1000,bench_20250909_220735_fanout_redis_s1024_p4096_r1000,72686.22,20.529,26.526,29.327,71.62,1432,1380285,0,/home/cc/mq-bench/artifacts/bench_20250909_220735_fanout_redis_s1024_p4096_r1000/fanout_singlesite
fanout-redis-s1024,16384,1000,bench_20250909_220757_fanout_redis_s1024_p16384_r1000,39437.94,35.619,44.827,49.316,38.89,777,748332,0,/home/cc/mq-bench/artifacts/bench_20250909_220757_fanout_redis_s1024_p16384_r1000/fanout_singlesite
fanout-nats-s4,1024,1000,bench_20250909_220818_fanout_nats_s4_p1024_r1000,4001.14,0.450,0.572,0.672,1000.11,20001,76004,0,/home/cc/mq-bench/artifacts/bench_20250909_220818_fanout_nats_s4_p1024_r1000/fanout_singlesite
fanout-nats-s4,4096,1000,bench_20250909_220839_fanout_nats_s4_p4096_r1000,4000.95,0.565,0.712,0.802,1000.12,20001,76004,0,/home/cc/mq-bench/artifacts/bench_20250909_220839_fanout_nats_s4_p4096_r1000/fanout_singlesite
fanout-nats-s4,16384,1000,bench_20250909_220900_fanout_nats_s4_p16384_r1000,4001.11,1.108,1.539,1.843,1000.09,20001,76004,0,/home/cc/mq-bench/artifacts/bench_20250909_220900_fanout_nats_s4_p16384_r1000/fanout_singlesite
fanout-nats-s16,1024,1000,bench_20250909_220921_fanout_nats_s16_p1024_r1000,16006.59,0.632,1.428,1.860,1000.13,20001,304016,0,/home/cc/mq-bench/artifacts/bench_20250909_220921_fanout_nats_s16_p1024_r1000/fanout_singlesite
fanout-nats-s16,4096,1000,bench_20250909_220942_fanout_nats_s16_p4096_r1000,16005.16,0.848,1.679,2.051,1000.11,20001,304016,0,/home/cc/mq-bench/artifacts/bench_20250909_220942_fanout_nats_s16_p4096_r1000/fanout_singlesite
fanout-nats-s16,16384,1000,bench_20250909_221003_fanout_nats_s16_p16384_r1000,16004.71,1.496,2.284,2.785,1000.11,20001,304016,0,/home/cc/mq-bench/artifacts/bench_20250909_221003_fanout_nats_s16_p16384_r1000/fanout_singlesite
fanout-nats-s64,1024,1000,bench_20250909_221024_fanout_nats_s64_p1024_r1000,64012.91,2.644,5.452,6.640,1000.09,20001,1215896,0,/home/cc/mq-bench/artifacts/bench_20250909_221024_fanout_nats_s64_p1024_r1000/fanout_singlesite
fanout-nats-s64,4096,1000,bench_20250909_221045_fanout_nats_s64_p4096_r1000,64011.73,2.832,5.771,6.967,1000.08,20001,1215903,0,/home/cc/mq-bench/artifacts/bench_20250909_221045_fanout_nats_s64_p4096_r1000/fanout_singlesite
fanout-nats-s64,16384,1000,bench_20250909_221106_fanout_nats_s64_p16384_r1000,64006.36,3.850,7.299,8.544,1000.11,20001,1215749,0,/home/cc/mq-bench/artifacts/bench_20250909_221106_fanout_nats_s64_p16384_r1000/fanout_singlesite
fanout-nats-s128,1024,1000,bench_20250909_221127_fanout_nats_s128_p1024_r1000,128007.01,5.702,12.411,16.392,1000.09,20001,2431370,0,/home/cc/mq-bench/artifacts/bench_20250909_221127_fanout_nats_s128_p1024_r1000/fanout_singlesite
fanout-nats-s128,4096,1000,bench_20250909_221148_fanout_nats_s128_p4096_r1000,128007.43,6.070,13.214,17.908,1000.11,20001,2431103,0,/home/cc/mq-bench/artifacts/bench_20250909_221148_fanout_nats_s128_p4096_r1000/fanout_singlesite
fanout-nats-s128,16384,1000,bench_20250909_221210_fanout_nats_s128_p16384_r1000,127972.16,11.018,94.962,111.149,1000.09,20001,2430486,0,/home/cc/mq-bench/artifacts/bench_20250909_221210_fanout_nats_s128_p16384_r1000/fanout_singlesite
fanout-nats-s256,1024,1000,bench_20250909_221231_fanout_nats_s256_p1024_r1000,255847.55,10.117,34.308,44.827,1000.11,20001,4859745,0,/home/cc/mq-bench/artifacts/bench_20250909_221231_fanout_nats_s256_p1024_r1000/fanout_singlesite
fanout-nats-s256,4096,1000,bench_20250909_221252_fanout_nats_s256_p4096_r1000,255457.75,17.793,85.459,98.566,1000.14,20001,4852215,0,/home/cc/mq-bench/artifacts/bench_20250909_221252_fanout_nats_s256_p4096_r1000/fanout_singlesite
fanout-nats-s256,16384,1000,bench_20250909_221313_fanout_nats_s256_p16384_r1000,155378.50,3273.654,4246.733,4286.579,826.37,16527,3728384,0,/home/cc/mq-bench/artifacts/bench_20250909_221313_fanout_nats_s256_p16384_r1000/fanout_singlesite
fanout-nats-s512,1024,1000,bench_20250909_221339_fanout_nats_s512_p1024_r1000,285691.92,4196.401,7964.983,8325.693,1000.12,20001,5427049,0,/home/cc/mq-bench/artifacts/bench_20250909_221339_fanout_nats_s512_p1024_r1000/fanout_singlesite
fanout-nats-s512,4096,1000,bench_20250909_221400_fanout_nats_s512_p4096_r1000,259524.87,6023.021,10552.869,10796.138,768.19,15363,6227168,0,/home/cc/mq-bench/artifacts/bench_20250909_221400_fanout_nats_s512_p4096_r1000/fanout_singlesite
fanout-nats-s512,16384,1000,bench_20250909_221426_fanout_nats_s512_p16384_r1000,165303.88,7549.747,9177.137,9294.578,485.58,9711,3966464,0,/home/cc/mq-bench/artifacts/bench_20250909_221426_fanout_nats_s512_p16384_r1000/fanout_singlesite
fanout-nats-s1024,1024,1000,bench_20250909_221452_fanout_nats_s1024_p1024_r1000,273624.38,8866.759,16668.164,17347.641,883.50,17669,6565721,0,/home/cc/mq-bench/artifacts/bench_20250909_221452_fanout_nats_s1024_p1024_r1000/fanout_singlesite
fanout-nats-s1024,4096,1000,bench_20250909_221518_fanout_nats_s1024_p4096_r1000,245039.36,9101.640,17297.310,18035.507,504.17,10083,5879722,0,/home/cc/mq-bench/artifacts/bench_20250909_221518_fanout_nats_s1024_p4096_r1000/fanout_singlesite
fanout-nats-s1024,16384,1000,bench_20250909_221544_fanout_nats_s1024_p16384_r1000,167968.23,10091.495,18203.279,18605.933,319.26,6385,4030993,0,/home/cc/mq-bench/artifacts/bench_20250909_221544_fanout_nats_s1024_p16384_r1000/fanout_singlesite
fanout-rabbitmq-s4,1024,1000,bench_20250909_221610_fanout_rabbitmq_s4_p1024_r1000,0.00,0.000,0.000,0.000,0.00,0,0,0,/home/cc/mq-bench/artifacts/bench_20250909_221610_fanout_rabbitmq_s4_p1024_r1000/fanout_singlesite
fanout-rabbitmq-s4,4096,1000,bench_20250909_221616_fanout_rabbitmq_s4_p4096_r1000,0.00,0.000,0.000,0.000,0.00,0,0,0,/home/cc/mq-bench/artifacts/bench_20250909_221616_fanout_rabbitmq_s4_p4096_r1000/fanout_singlesite
fanout-rabbitmq-s4,16384,1000,bench_20250909_221623_fanout_rabbitmq_s4_p16384_r1000,0.00,0.000,0.000,0.000,0.00,0,0,0,/home/cc/mq-bench/artifacts/bench_20250909_221623_fanout_rabbitmq_s4_p16384_r1000/fanout_singlesite
fanout-rabbitmq-s16,1024,1000,bench_20250909_221629_fanout_rabbitmq_s16_p1024_r1000,0.00,0.000,0.000,0.000,0.00,0,0,0,/home/cc/mq-bench/artifacts/bench_20250909_221629_fanout_rabbitmq_s16_p1024_r1000/fanout_singlesite
fanout-rabbitmq-s16,4096,1000,bench_20250909_221635_fanout_rabbitmq_s16_p4096_r1000,0.00,0.000,0.000,0.000,0.00,0,0,0,/home/cc/mq-bench/artifacts/bench_20250909_221635_fanout_rabbitmq_s16_p4096_r1000/fanout_singlesite
fanout-rabbitmq-s16,16384,1000,bench_20250909_221641_fanout_rabbitmq_s16_p16384_r1000,0.00,0.000,0.000,0.000,0.00,0,0,0,/home/cc/mq-bench/artifacts/bench_20250909_221641_fanout_rabbitmq_s16_p16384_r1000/fanout_singlesite
fanout-rabbitmq-s64,1024,1000,bench_20250909_221647_fanout_rabbitmq_s64_p1024_r1000,0.00,0.000,0.000,0.000,0.00,0,0,0,/home/cc/mq-bench/artifacts/bench_20250909_221647_fanout_rabbitmq_s64_p1024_r1000/fanout_singlesite
fanout-rabbitmq-s64,4096,1000,bench_20250909_221653_fanout_rabbitmq_s64_p4096_r1000,0.00,0.000,0.000,0.000,0.00,0,0,0,/home/cc/mq-bench/artifacts/bench_20250909_221653_fanout_rabbitmq_s64_p4096_r1000/fanout_singlesite
fanout-rabbitmq-s64,16384,1000,bench_20250909_221659_fanout_rabbitmq_s64_p16384_r1000,0.00,0.000,0.000,0.000,0.00,0,0,0,/home/cc/mq-bench/artifacts/bench_20250909_221659_fanout_rabbitmq_s64_p16384_r1000/fanout_singlesite
fanout-rabbitmq-s128,1024,1000,bench_20250909_221705_fanout_rabbitmq_s128_p1024_r1000,0.00,0.000,0.000,0.000,0.00,0,0,0,/home/cc/mq-bench/artifacts/bench_20250909_221705_fanout_rabbitmq_s128_p1024_r1000/fanout_singlesite
fanout-rabbitmq-s128,4096,1000,bench_20250909_221711_fanout_rabbitmq_s128_p4096_r1000,0.00,0.000,0.000,0.000,0.00,0,0,0,/home/cc/mq-bench/artifacts/bench_20250909_221711_fanout_rabbitmq_s128_p4096_r1000/fanout_singlesite
fanout-rabbitmq-s128,16384,1000,bench_20250909_221717_fanout_rabbitmq_s128_p16384_r1000,0.00,0.000,0.000,0.000,0.00,0,0,0,/home/cc/mq-bench/artifacts/bench_20250909_221717_fanout_rabbitmq_s128_p16384_r1000/fanout_singlesite
fanout-rabbitmq-s256,1024,1000,bench_20250909_221723_fanout_rabbitmq_s256_p1024_r1000,0.00,0.000,0.000,0.000,0.00,0,0,0,/home/cc/mq-bench/artifacts/bench_20250909_221723_fanout_rabbitmq_s256_p1024_r1000/fanout_singlesite
fanout-rabbitmq-s256,4096,1000,bench_20250909_221729_fanout_rabbitmq_s256_p4096_r1000,0.00,0.000,0.000,0.000,0.00,0,0,0,/home/cc/mq-bench/artifacts/bench_20250909_221729_fanout_rabbitmq_s256_p4096_r1000/fanout_singlesite
fanout-rabbitmq-s256,16384,1000,bench_20250909_221735_fanout_rabbitmq_s256_p16384_r1000,0.00,0.000,0.000,0.000,0.00,0,0,0,/home/cc/mq-bench/artifacts/bench_20250909_221735_fanout_rabbitmq_s256_p16384_r1000/fanout_singlesite
fanout-rabbitmq-s512,1024,1000,bench_20250909_221741_fanout_rabbitmq_s512_p1024_r1000,0.00,0.000,0.000,0.000,0.00,0,0,0,/home/cc/mq-bench/artifacts/bench_20250909_221741_fanout_rabbitmq_s512_p1024_r1000/fanout_singlesite
fanout-rabbitmq-s512,4096,1000,bench_20250909_221747_fanout_rabbitmq_s512_p4096_r1000,0.00,0.000,0.000,0.000,0.00,0,0,0,/home/cc/mq-bench/artifacts/bench_20250909_221747_fanout_rabbitmq_s512_p4096_r1000/fanout_singlesite
fanout-rabbitmq-s512,16384,1000,bench_20250909_221753_fanout_rabbitmq_s512_p16384_r1000,0.00,0.000,0.000,0.000,0.00,0,0,0,/home/cc/mq-bench/artifacts/bench_20250909_221753_fanout_rabbitmq_s512_p16384_r1000/fanout_singlesite
fanout-rabbitmq-s1024,1024,1000,bench_20250909_221759_fanout_rabbitmq_s1024_p1024_r1000,0.00,0.000,0.000,0.000,0.00,0,0,0,/home/cc/mq-bench/artifacts/bench_20250909_221759_fanout_rabbitmq_s1024_p1024_r1000/fanout_singlesite
fanout-rabbitmq-s1024,4096,1000,bench_20250909_221805_fanout_rabbitmq_s1024_p4096_r1000,0.00,0.000,0.000,0.000,0.00,0,0,0,/home/cc/mq-bench/artifacts/bench_20250909_221805_fanout_rabbitmq_s1024_p4096_r1000/fanout_singlesite
fanout-rabbitmq-s1024,16384,1000,bench_20250909_221811_fanout_rabbitmq_s1024_p16384_r1000,0.00,0.000,0.000,0.000,0.00,0,0,0,/home/cc/mq-bench/artifacts/bench_20250909_221811_fanout_rabbitmq_s1024_p16384_r1000/fanout_singlesite
fanout-mqtt-mosquitto-s4,1024,1000,bench_20250909_221817_fanout_mqtt_mosquitto_s4_p1024_r1000,4001.11,7.115,43.188,45.318,1000.04,20002,76004,0,/home/cc/mq-bench/artifacts/bench_20250909_221817_fanout_mqtt_mosquitto_s4_p1024_r1000/fanout_singlesite
fanout-mqtt-emqx-s4,1024,1000,bench_20250909_221839_fanout_mqtt_emqx_s4_p1024_r1000,3991.40,1.524,42.107,46.072,1000.04,20002,75808,0,/home/cc/mq-bench/artifacts/bench_20250909_221839_fanout_mqtt_emqx_s4_p1024_r1000/fanout_singlesite
fanout-mqtt-hivemq-s4,1024,1000,bench_20250909_221900_fanout_mqtt_hivemq_s4_p1024_r1000,3994.02,1.219,42.664,46.924,1000.08,20002,75852,0,/home/cc/mq-bench/artifacts/bench_20250909_221900_fanout_mqtt_hivemq_s4_p1024_r1000/fanout_singlesite
fanout-mqtt-rabbitmq-s4,1024,1000,bench_20250909_221921_fanout_mqtt_rabbitmq_s4_p1024_r1000,3995.21,1.180,41.189,45.220,1000.08,20002,75888,0,/home/cc/mq-bench/artifacts/bench_20250909_221921_fanout_mqtt_rabbitmq_s4_p1024_r1000/fanout_singlesite
fanout-mqtt-artemis-s4,1024,1000,bench_20250909_221942_fanout_mqtt_artemis_s4_p1024_r1000,3992.91,0.773,35.357,46.334,1000.03,20002,75848,0,/home/cc/mq-bench/artifacts/bench_20250909_221942_fanout_mqtt_artemis_s4_p1024_r1000/fanout_singlesite
fanout-mqtt-mosquitto-s4,4096,1000,bench_20250909_222003_fanout_mqtt_mosquitto_s4_p4096_r1000,4000.35,11.231,20.627,21.627,1000.09,20002,75992,0,/home/cc/mq-bench/artifacts/bench_20250909_222003_fanout_mqtt_mosquitto_s4_p4096_r1000/fanout_singlesite
fanout-mqtt-emqx-s4,4096,1000,bench_20250909_222024_fanout_mqtt_emqx_s4_p4096_r1000,4000.47,11.362,20.873,21.905,1000.06,20002,75976,0,/home/cc/mq-bench/artifacts/bench_20250909_222024_fanout_mqtt_emqx_s4_p4096_r1000/fanout_singlesite
fanout-mqtt-hivemq-s4,4096,1000,bench_20250909_222045_fanout_mqtt_hivemq_s4_p4096_r1000,4001.03,11.600,21.217,22.168,1000.02,20001,75992,0,/home/cc/mq-bench/artifacts/bench_20250909_222045_fanout_mqtt_hivemq_s4_p4096_r1000/fanout_singlesite
fanout-mqtt-rabbitmq-s4,4096,1000,bench_20250909_222106_fanout_mqtt_rabbitmq_s4_p4096_r1000,4000.33,11.231,20.759,21.807,1000.01,20002,75992,0,/home/cc/mq-bench/artifacts/bench_20250909_222106_fanout_mqtt_rabbitmq_s4_p4096_r1000/fanout_singlesite
fanout-mqtt-artemis-s4,4096,1000,bench_20250909_222127_fanout_mqtt_artemis_s4_p4096_r1000,4000.63,10.527,20.513,21.512,1000.03,20002,75992,0,/home/cc/mq-bench/artifacts/bench_20250909_222127_fanout_mqtt_artemis_s4_p4096_r1000/fanout_singlesite
fanout-mqtt-mosquitto-s4,16384,1000,bench_20250909_222148_fanout_mqtt_mosquitto_s4_p16384_r1000,0.00,0.000,0.000,0.000,999.98,20001,0,0,/home/cc/mq-bench/artifacts/bench_20250909_222148_fanout_mqtt_mosquitto_s4_p16384_r1000/fanout_singlesite
fanout-mqtt-emqx-s4,16384,1000,bench_20250909_222209_fanout_mqtt_emqx_s4_p16384_r1000,0.00,0.000,0.000,0.000,999.99,20001,0,0,/home/cc/mq-bench/artifacts/bench_20250909_222209_fanout_mqtt_emqx_s4_p16384_r1000/fanout_singlesite
fanout-mqtt-hivemq-s4,16384,1000,bench_20250909_222230_fanout_mqtt_hivemq_s4_p16384_r1000,0.00,0.000,0.000,0.000,1000.02,20001,0,0,/home/cc/mq-bench/artifacts/bench_20250909_222230_fanout_mqtt_hivemq_s4_p16384_r1000/fanout_singlesite
fanout-mqtt-rabbitmq-s4,16384,1000,bench_20250909_222252_fanout_mqtt_rabbitmq_s4_p16384_r1000,0.00,0.000,0.000,0.000,1000.00,20001,0,0,/home/cc/mq-bench/artifacts/bench_20250909_222252_fanout_mqtt_rabbitmq_s4_p16384_r1000/fanout_singlesite
fanout-mqtt-artemis-s4,16384,1000,bench_20250909_222313_fanout_mqtt_artemis_s4_p16384_r1000,0.00,0.000,0.000,0.000,999.53,19992,0,0,/home/cc/mq-bench/artifacts/bench_20250909_222313_fanout_mqtt_artemis_s4_p16384_r1000/fanout_singlesite
fanout-mqtt-mosquitto-s16,1024,1000,bench_20250909_222334_fanout_mqtt_mosquitto_s16_p1024_r1000,15982.63,19.120,45.089,49.316,1000.01,20002,303573,0,/home/cc/mq-bench/artifacts/bench_20250909_222334_fanout_mqtt_mosquitto_s16_p1024_r1000/fanout_singlesite
fanout-mqtt-emqx-s16,1024,1000,bench_20250909_222355_fanout_mqtt_emqx_s16_p1024_r1000,16005.60,1.928,37.421,45.810,1000.05,20002,304016,0,/home/cc/mq-bench/artifacts/bench_20250909_222355_fanout_mqtt_emqx_s16_p1024_r1000/fanout_singlesite
fanout-mqtt-hivemq-s16,1024,1000,bench_20250909_222416_fanout_mqtt_hivemq_s16_p1024_r1000,15990.49,8.987,43.844,47.383,1000.00,20001,303712,0,/home/cc/mq-bench/artifacts/bench_20250909_222416_fanout_mqtt_hivemq_s16_p1024_r1000/fanout_singlesite
fanout-mqtt-rabbitmq-s16,1024,1000,bench_20250909_222437_fanout_mqtt_rabbitmq_s16_p1024_r1000,16004.12,2.214,41.320,46.236,1000.01,20001,304016,0,/home/cc/mq-bench/artifacts/bench_20250909_222437_fanout_mqtt_rabbitmq_s16_p1024_r1000/fanout_singlesite
fanout-mqtt-artemis-s16,1024,1000,bench_20250909_222458_fanout_mqtt_artemis_s16_p1024_r1000,16002.75,1.006,35.586,44.663,1000.06,20002,304016,0,/home/cc/mq-bench/artifacts/bench_20250909_222458_fanout_mqtt_artemis_s16_p1024_r1000/fanout_singlesite
fanout-mqtt-mosquitto-s16,4096,1000,bench_20250909_222519_fanout_mqtt_mosquitto_s16_p4096_r1000,15993.71,13.165,21.692,23.396,1000.01,20001,303796,0,/home/cc/mq-bench/artifacts/bench_20250909_222519_fanout_mqtt_mosquitto_s16_p4096_r1000/fanout_singlesite
fanout-mqtt-emqx-s16,4096,1000,bench_20250909_222540_fanout_mqtt_emqx_s16_p4096_r1000,15999.47,11.805,21.086,22.168,1000.04,20001,303901,0,/home/cc/mq-bench/artifacts/bench_20250909_222540_fanout_mqtt_emqx_s16_p4096_r1000/fanout_singlesite
fanout-mqtt-hivemq-s16,4096,1000,bench_20250909_222601_fanout_mqtt_hivemq_s16_p4096_r1000,16004.24,11.796,21.266,22.233,1000.05,20002,303968,0,/home/cc/mq-bench/artifacts/bench_20250909_222601_fanout_mqtt_hivemq_s16_p4096_r1000/fanout_singlesite
fanout-mqtt-rabbitmq-s16,4096,1000,bench_20250909_222622_fanout_mqtt_rabbitmq_s16_p4096_r1000,16001.14,11.756,21.119,22.135,1000.03,20002,303968,0,/home/cc/mq-bench/artifacts/bench_20250909_222622_fanout_mqtt_rabbitmq_s16_p4096_r1000/fanout_singlesite
fanout-mqtt-artemis-s16,4096,1000,bench_20250909_222643_fanout_mqtt_artemis_s16_p4096_r1000,16003.21,11.272,20.644,21.594,1000.05,20002,303968,0,/home/cc/mq-bench/artifacts/bench_20250909_222643_fanout_mqtt_artemis_s16_p4096_r1000/fanout_singlesite
fanout-mqtt-mosquitto-s16,16384,1000,bench_20250909_222705_fanout_mqtt_mosquitto_s16_p16384_r1000,0.00,0.000,0.000,0.000,1000.02,20001,0,0,/home/cc/mq-bench/artifacts/bench_20250909_222705_fanout_mqtt_mosquitto_s16_p16384_r1000/fanout_singlesite
fanout-mqtt-emqx-s16,16384,1000,bench_20250909_222726_fanout_mqtt_emqx_s16_p16384_r1000,0.00,0.000,0.000,0.000,1000.04,20001,0,0,/home/cc/mq-bench/artifacts/bench_20250909_222726_fanout_mqtt_emqx_s16_p16384_r1000/fanout_singlesite
fanout-mqtt-hivemq-s16,16384,1000,bench_20250909_222747_fanout_mqtt_hivemq_s16_p16384_r1000,0.00,0.000,0.000,0.000,999.99,20001,0,0,/home/cc/mq-bench/artifacts/bench_20250909_222747_fanout_mqtt_hivemq_s16_p16384_r1000/fanout_singlesite
fanout-mqtt-rabbitmq-s16,16384,1000,bench_20250909_222808_fanout_mqtt_rabbitmq_s16_p16384_r1000,0.00,0.000,0.000,0.000,1000.04,20001,0,0,/home/cc/mq-bench/artifacts/bench_20250909_222808_fanout_mqtt_rabbitmq_s16_p16384_r1000/fanout_singlesite
fanout-mqtt-artemis-s16,16384,1000,bench_20250909_222829_fanout_mqtt_artemis_s16_p16384_r1000,0.00,0.000,0.000,0.000,1000.03,20001,0,0,/home/cc/mq-bench/artifacts/bench_20250909_222829_fanout_mqtt_artemis_s16_p16384_r1000/fanout_singlesite
fanout-mqtt-mosquitto-s64,1024,1000,bench_20250909_222850_fanout_mqtt_mosquitto_s64_p1024_r1000,63899.83,31.883,47.383,50.758,1000.01,20001,1213786,0,/home/cc/mq-bench/artifacts/bench_20250909_222850_fanout_mqtt_mosquitto_s64_p1024_r1000/fanout_singlesite
fanout-mqtt-emqx-s64,1024,1000,bench_20250909_222911_fanout_mqtt_emqx_s64_p1024_r1000,64016.73,3.289,37.290,46.072,1000.05,20002,1215923,0,/home/cc/mq-bench/artifacts/bench_20250909_222911_fanout_mqtt_emqx_s64_p1024_r1000/fanout_singlesite
fanout-mqtt-hivemq-s64,1024,1000,bench_20250909_222932_fanout_mqtt_hivemq_s64_p1024_r1000,34414.24,5280.629,8539.603,8740.930,1000.04,20002,653658,0,/home/cc/mq-bench/artifacts/bench_20250909_222932_fanout_mqtt_hivemq_s64_p1024_r1000/fanout_singlesite
fanout-mqtt-rabbitmq-s64,1024,1000,bench_20250909_222953_fanout_mqtt_rabbitmq_s64_p1024_r1000,63950.76,37.552,49.578,52.855,1000.05,20002,1214674,0,/home/cc/mq-bench/artifacts/bench_20250909_222953_fanout_mqtt_rabbitmq_s64_p1024_r1000/fanout_singlesite
fanout-mqtt-artemis-s64,1024,1000,bench_20250909_223014_fanout_mqtt_artemis_s64_p1024_r1000,64020.20,2.142,36.504,45.613,1000.05,20002,1216064,0,/home/cc/mq-bench/artifacts/bench_20250909_223014_fanout_mqtt_artemis_s64_p1024_r1000/fanout_singlesite
fanout-mqtt-mosquitto-s64,4096,1000,bench_20250909_223035_fanout_mqtt_mosquitto_s64_p4096_r1000,63966.38,17.072,26.018,38.601,1000.02,20002,1215120,0,/home/cc/mq-bench/artifacts/bench_20250909_223035_fanout_mqtt_mosquitto_s64_p4096_r1000/fanout_singlesite
fanout-mqtt-emqx-s64,4096,1000,bench_20250909_223056_fanout_mqtt_emqx_s64_p4096_r1000,63985.39,12.845,21.709,23.134,1000.03,20001,1215347,0,/home/cc/mq-bench/artifacts/bench_20250909_223056_fanout_mqtt_emqx_s64_p4096_r1000/fanout_singlesite
fanout-mqtt-hivemq-s64,4096,1000,bench_20250909_223118_fanout_mqtt_hivemq_s64_p4096_r1000,44444.15,1455.423,5460.984,5737.808,1000.05,20002,844163,0,/home/cc/mq-bench/artifacts/bench_20250909_223118_fanout_mqtt_hivemq_s64_p4096_r1000/fanout_singlesite
fanout-mqtt-rabbitmq-s64,4096,1000,bench_20250909_223139_fanout_mqtt_rabbitmq_s64_p4096_r1000,63958.90,17.138,23.249,24.756,1000.05,20001,1214939,0,/home/cc/mq-bench/artifacts/bench_20250909_223139_fanout_mqtt_rabbitmq_s64_p4096_r1000/fanout_singlesite
fanout-mqtt-artemis-s64,4096,1000,bench_20250909_223200_fanout_mqtt_artemis_s64_p4096_r1000,64012.24,11.977,21.447,22.446,1000.03,20001,1215760,0,/home/cc/mq-bench/artifacts/bench_20250909_223200_fanout_mqtt_artemis_s64_p4096_r1000/fanout_singlesite
fanout-mqtt-mosquitto-s64,16384,1000,bench_20250909_223221_fanout_mqtt_mosquitto_s64_p16384_r1000,0.00,0.000,0.000,0.000,999.98,20001,0,0,/home/cc/mq-bench/artifacts/bench_20250909_223221_fanout_mqtt_mosquitto_s64_p16384_r1000/fanout_singlesite
fanout-mqtt-emqx-s64,16384,1000,bench_20250909_223242_fanout_mqtt_emqx_s64_p16384_r1000,0.00,0.000,0.000,0.000,1000.05,20001,0,0,/home/cc/mq-bench/artifacts/bench_20250909_223242_fanout_mqtt_emqx_s64_p16384_r1000/fanout_singlesite
fanout-mqtt-hivemq-s64,16384,1000,bench_20250909_223303_fanout_mqtt_hivemq_s64_p16384_r1000,0.00,0.000,0.000,0.000,1000.04,20001,0,0,/home/cc/mq-bench/artifacts/bench_20250909_223303_fanout_mqtt_hivemq_s64_p16384_r1000/fanout_singlesite
fanout-mqtt-rabbitmq-s64,16384,1000,bench_20250909_223324_fanout_mqtt_rabbitmq_s64_p16384_r1000,0.00,0.000,0.000,0.000,1000.04,20001,0,0,/home/cc/mq-bench/artifacts/bench_20250909_223324_fanout_mqtt_rabbitmq_s64_p16384_r1000/fanout_singlesite
fanout-mqtt-artemis-s64,16384,1000,bench_20250909_223345_fanout_mqtt_artemis_s64_p16384_r1000,0.00,0.000,0.000,0.000,999.96,20001,0,0,/home/cc/mq-bench/artifacts/bench_20250909_223345_fanout_mqtt_artemis_s64_p16384_r1000/fanout_singlesite
fanout-mqtt-mosquitto-s128,1024,1000,bench_20250909_223406_fanout_mqtt_mosquitto_s128_p1024_r1000,83207.98,3361.735,6325.010,6589.252,1000.05,20002,1580582,0,/home/cc/mq-bench/artifacts/bench_20250909_223406_fanout_mqtt_mosquitto_s128_p1024_r1000/fanout_singlesite
fanout-mqtt-emqx-s128,1024,1000,bench_20250909_223427_fanout_mqtt_emqx_s128_p1024_r1000,127827.86,13.009,45.941,50.692,1000.04,20002,2428416,0,/home/cc/mq-bench/artifacts/bench_20250909_223427_fanout_mqtt_emqx_s128_p1024_r1000/fanout_singlesite
fanout-mqtt-hivemq-s128,1024,1000,bench_20250909_223448_fanout_mqtt_hivemq_s128_p1024_r1000,99958.82,2101.346,3898.606,3917.480,1000.03,20002,1898640,0,/home/cc/mq-bench/artifacts/bench_20250909_223448_fanout_mqtt_hivemq_s128_p1024_r1000/fanout_singlesite
fanout-mqtt-rabbitmq-s128,1024,1000,bench_20250909_223509_fanout_mqtt_rabbitmq_s128_p1024_r1000,89633.97,2850.030,5465.178,5632.950,1000.06,20002,1702602,0,/home/cc/mq-bench/artifacts/bench_20250909_223509_fanout_mqtt_rabbitmq_s128_p1024_r1000/fanout_singlesite
fanout-mqtt-artemis-s128,1024,1000,bench_20250909_223531_fanout_mqtt_artemis_s128_p1024_r1000,127992.67,4.493,44.040,48.398,1000.08,20002,2430976,0,/home/cc/mq-bench/artifacts/bench_20250909_223531_fanout_mqtt_artemis_s128_p1024_r1000/fanout_singlesite
fanout-mqtt-mosquitto-s128,4096,1000,bench_20250909_223552_fanout_mqtt_mosquitto_s128_p4096_r1000,67898.67,4487.905,8476.688,8841.593,1000.02,20002,1289704,0,/home/cc/mq-bench/artifacts/bench_20250909_223552_fanout_mqtt_mosquitto_s128_p4096_r1000/fanout_singlesite
fanout-mqtt-emqx-s128,4096,1000,bench_20250909_223613_fanout_mqtt_emqx_s128_p4096_r1000,127940.92,14.475,22.675,25.838,1000.04,20001,2430404,0,/home/cc/mq-bench/artifacts/bench_20250909_223613_fanout_mqtt_emqx_s128_p4096_r1000/fanout_singlesite
fanout-mqtt-hivemq-s128,4096,1000,bench_20250909_223634_fanout_mqtt_hivemq_s128_p4096_r1000,66761.28,5012.193,7604.273,8766.095,1000.04,20002,1267747,0,/home/cc/mq-bench/artifacts/bench_20250909_223634_fanout_mqtt_hivemq_s128_p4096_r1000/fanout_singlesite
fanout-mqtt-rabbitmq-s128,4096,1000,bench_20250909_223655_fanout_mqtt_rabbitmq_s128_p4096_r1000,109564.30,935.854,2675.966,2724.200,1000.02,20002,2081141,0,/home/cc/mq-bench/artifacts/bench_20250909_223655_fanout_mqtt_rabbitmq_s128_p4096_r1000/fanout_singlesite
fanout-mqtt-artemis-s128,4096,1000,bench_20250909_223716_fanout_mqtt_artemis_s128_p4096_r1000,128002.81,13.132,22.184,23.658,1000.00,20001,2431432,0,/home/cc/mq-bench/artifacts/bench_20250909_223716_fanout_mqtt_artemis_s128_p4096_r1000/fanout_singlesite
fanout-mqtt-mosquitto-s128,16384,1000,bench_20250909_223737_fanout_mqtt_mosquitto_s128_p16384_r1000,0.00,0.000,0.000,0.000,1000.04,20001,0,0,/home/cc/mq-bench/artifacts/bench_20250909_223737_fanout_mqtt_mosquitto_s128_p16384_r1000/fanout_singlesite
fanout-mqtt-emqx-s128,16384,1000,bench_20250909_223758_fanout_mqtt_emqx_s128_p16384_r1000,0.00,0.000,0.000,0.000,1000.03,20001,0,0,/home/cc/mq-bench/artifacts/bench_20250909_223758_fanout_mqtt_emqx_s128_p16384_r1000/fanout_singlesite
fanout-mqtt-hivemq-s128,16384,1000,bench_20250909_223819_fanout_mqtt_hivemq_s128_p16384_r1000,0.00,0.000,0.000,0.000,1000.00,20001,0,0,/home/cc/mq-bench/artifacts/bench_20250909_223819_fanout_mqtt_hivemq_s128_p16384_r1000/fanout_singlesite
fanout-mqtt-rabbitmq-s128,16384,1000,bench_20250909_223840_fanout_mqtt_rabbitmq_s128_p16384_r1000,0.00,0.000,0.000,0.000,1000.01,20001,0,0,/home/cc/mq-bench/artifacts/bench_20250909_223840_fanout_mqtt_rabbitmq_s128_p16384_r1000/fanout_singlesite
fanout-mqtt-artemis-s128,16384,1000,bench_20250909_223901_fanout_mqtt_artemis_s128_p16384_r1000,0.00,0.000,0.000,0.000,1000.01,20001,0,0,/home/cc/mq-bench/artifacts/bench_20250909_223901_fanout_mqtt_artemis_s128_p16384_r1000/fanout_singlesite
fanout-mqtt-mosquitto-s256,1024,1000,bench_20250909_223923_fanout_mqtt_mosquitto_s256_p1024_r1000,83843.44,6530.531,12163.482,12658.409,1000.05,20002,1592708,0,/home/cc/mq-bench/artifacts/bench_20250909_223923_fanout_mqtt_mosquitto_s256_p1024_r1000/fanout_singlesite
fanout-mqtt-emqx-s256,1024,1000,bench_20250909_223944_fanout_mqtt_emqx_s256_p1024_r1000,255424.08,33.980,54.821,59.703,1000.03,20001,4851924,0,/home/cc/mq-bench/artifacts/bench_20250909_223944_fanout_mqtt_emqx_s256_p1024_r1000/fanout_singlesite
fanout-mqtt-hivemq-s256,1024,1000,bench_20250909_224005_fanout_mqtt_hivemq_s256_p1024_r1000,94601.70,4831.838,10980.688,11534.336,1000.06,20002,1796858,0,/home/cc/mq-bench/artifacts/bench_20250909_224005_fanout_mqtt_hivemq_s256_p1024_r1000/fanout_singlesite
fanout-mqtt-rabbitmq-s256,1024,1000,bench_20250909_224026_fanout_mqtt_rabbitmq_s256_p1024_r1000,94625.93,6073.352,11475.616,11853.103,1000.02,20002,1797383,0,/home/cc/mq-bench/artifacts/bench_20250909_224026_fanout_mqtt_rabbitmq_s256_p1024_r1000/fanout_singlesite
fanout-mqtt-artemis-s256,1024,1000,bench_20250909_224047_fanout_mqtt_artemis_s256_p1024_r1000,256072.62,6.185,46.006,50.659,1000.04,20001,4864212,0,/home/cc/mq-bench/artifacts/bench_20250909_224047_fanout_mqtt_artemis_s256_p1024_r1000/fanout_singlesite
fanout-mqtt-mosquitto-s256,4096,1000,bench_20250909_224108_fanout_mqtt_mosquitto_s256_p4096_r1000,65533.43,7113.540,13438.550,14000.587,1000.03,20001,1244846,0,/home/cc/mq-bench/artifacts/bench_20250909_224108_fanout_mqtt_mosquitto_s256_p4096_r1000/fanout_singlesite
fanout-mqtt-emqx-s256,4096,1000,bench_20250909_224129_fanout_mqtt_emqx_s256_p4096_r1000,255851.60,16.278,23.298,25.969,1000.03,20001,4860171,0,/home/cc/mq-bench/artifacts/bench_20250909_224129_fanout_mqtt_emqx_s256_p4096_r1000/fanout_singlesite
fanout-mqtt-hivemq-s256,4096,1000,bench_20250909_224150_fanout_mqtt_hivemq_s256_p4096_r1000,87608.58,6002.049,12062.818,12406.751,1000.04,20001,1662708,0,/home/cc/mq-bench/artifacts/bench_20250909_224150_fanout_mqtt_hivemq_s256_p4096_r1000/fanout_singlesite
fanout-mqtt-rabbitmq-s256,4096,1000,bench_20250909_224211_fanout_mqtt_rabbitmq_s256_p4096_r1000,166857.06,3625.976,6207.570,6526.337,1000.00,20001,3168747,0,/home/cc/mq-bench/artifacts/bench_20250909_224211_fanout_mqtt_rabbitmq_s256_p4096_r1000/fanout_singlesite
fanout-mqtt-artemis-s256,4096,1000,bench_20250909_224232_fanout_mqtt_artemis_s256_p4096_r1000,255949.45,14.148,22.921,25.117,1000.05,20002,4861369,0,/home/cc/mq-bench/artifacts/bench_20250909_224232_fanout_mqtt_artemis_s256_p4096_r1000/fanout_singlesite
fanout-mqtt-mosquitto-s256,16384,1000,bench_20250909_224253_fanout_mqtt_mosquitto_s256_p16384_r1000,0.00,0.000,0.000,0.000,1000.01,20001,0,0,/home/cc/mq-bench/artifacts/bench_20250909_224253_fanout_mqtt_mosquitto_s256_p16384_r1000/fanout_singlesite
fanout-mqtt-emqx-s256,16384,1000,bench_20250909_224314_fanout_mqtt_emqx_s256_p16384_r1000,0.00,0.000,0.000,0.000,999.97,20001,0,0,/home/cc/mq-bench/artifacts/bench_20250909_224314_fanout_mqtt_emqx_s256_p16384_r1000/fanout_singlesite
fanout-mqtt-hivemq-s256,16384,1000,bench_20250909_224336_fanout_mqtt_hivemq_s256_p16384_r1000,0.00,0.000,0.000,0.000,1000.03,20001,0,0,/home/cc/mq-bench/artifacts/bench_20250909_224336_fanout_mqtt_hivemq_s256_p16384_r1000/fanout_singlesite
fanout-mqtt-rabbitmq-s256,16384,1000,bench_20250909_224357_fanout_mqtt_rabbitmq_s256_p16384_r1000,0.00,0.000,0.000,0.000,999.96,20001,0,0,/home/cc/mq-bench/artifacts/bench_20250909_224357_fanout_mqtt_rabbitmq_s256_p16384_r1000/fanout_singlesite
fanout-mqtt-artemis-s256,16384,1000,bench_20250909_224418_fanout_mqtt_artemis_s256_p16384_r1000,0.00,0.000,0.000,0.000,1000.00,20001,0,0,/home/cc/mq-bench/artifacts/bench_20250909_224418_fanout_mqtt_artemis_s256_p16384_r1000/fanout_singlesite
fanout-mqtt-mosquitto-s512,1024,1000,bench_20250909_224439_fanout_mqtt_mosquitto_s512_p1024_r1000,80232.13,7067.402,14252.245,14931.722,1000.02,20002,1523974,0,/home/cc/mq-bench/artifacts/bench_20250909_224439_fanout_mqtt_mosquitto_s512_p1024_r1000/fanout_singlesite
fanout-mqtt-emqx-s512,1024,1000,bench_20250909_224500_fanout_mqtt_emqx_s512_p1024_r1000,289509.11,4534.043,7876.903,8191.476,1000.05,20002,5499495,0,/home/cc/mq-bench/artifacts/bench_20250909_224500_fanout_mqtt_emqx_s512_p1024_r1000/fanout_singlesite
fanout-mqtt-hivemq-s512,1024,1000,bench_20250909_224521_fanout_mqtt_hivemq_s512_p1024_r1000,99834.77,7595.885,14738.784,15191.769,1000.08,20002,1896046,0,/home/cc/mq-bench/artifacts/bench_20250909_224521_fanout_mqtt_hivemq_s512_p1024_r1000/fanout_singlesite
fanout-mqtt-rabbitmq-s512,1024,1000,bench_20250909_224542_fanout_mqtt_rabbitmq_s512_p1024_r1000,78682.16,8061.452,15267.267,15913.189,1000.06,20002,1494562,0,/home/cc/mq-bench/artifacts/bench_20250909_224542_fanout_mqtt_rabbitmq_s512_p1024_r1000/fanout_singlesite
fanout-mqtt-artemis-s512,1024,1000,bench_20250909_224603_fanout_mqtt_artemis_s512_p1024_r1000,512072.76,21.660,53.674,60.359,1000.04,20002,9726544,0,/home/cc/mq-bench/artifacts/bench_20250909_224603_fanout_mqtt_artemis_s512_p1024_r1000/fanout_singlesite
fanout-mqtt-mosquitto-s512,4096,1000,bench_20250909_224624_fanout_mqtt_mosquitto_s512_p4096_r1000,60254.86,8392.802,15938.355,16609.444,1000.05,20002,1144557,0,/home/cc/mq-bench/artifacts/bench_20250909_224624_fanout_mqtt_mosquitto_s512_p4096_r1000/fanout_singlesite
fanout-mqtt-emqx-s512,4096,1000,bench_20250909_224645_fanout_mqtt_emqx_s512_p4096_r1000,298657.50,4175.430,7541.359,7847.543,1000.02,20002,5672870,0,/home/cc/mq-bench/artifacts/bench_20250909_224645_fanout_mqtt_emqx_s512_p4096_r1000/fanout_singlesite
fanout-mqtt-hivemq-s512,4096,1000,bench_20250909_224706_fanout_mqtt_hivemq_s512_p4096_r1000,70204.79,10628.366,15661.531,16173.236,999.99,20001,1333350,0,/home/cc/mq-bench/artifacts/bench_20250909_224706_fanout_mqtt_hivemq_s512_p4096_r1000/fanout_singlesite
fanout-mqtt-rabbitmq-s512,4096,1000,bench_20250909_224727_fanout_mqtt_rabbitmq_s512_p4096_r1000,103092.90,8002.732,14260.634,14973.665,1000.02,20001,1958400,0,/home/cc/mq-bench/artifacts/bench_20250909_224727_fanout_mqtt_rabbitmq_s512_p4096_r1000/fanout_singlesite
fanout-mqtt-artemis-s512,4096,1000,bench_20250909_224749_fanout_mqtt_artemis_s512_p4096_r1000,512072.10,14.877,23.200,25.887,1000.05,20002,9724170,0,/home/cc/mq-bench/artifacts/bench_20250909_224749_fanout_mqtt_artemis_s512_p4096_r1000/fanout_singlesite
fanout-mqtt-mosquitto-s512,16384,1000,bench_20250909_224810_fanout_mqtt_mosquitto_s512_p16384_r1000,0.00,0.000,0.000,0.000,1000.02,20001,0,0,/home/cc/mq-bench/artifacts/bench_20250909_224810_fanout_mqtt_mosquitto_s512_p16384_r1000/fanout_singlesite
fanout-mqtt-emqx-s512,16384,1000,bench_20250909_224831_fanout_mqtt_emqx_s512_p16384_r1000,0.00,0.000,0.000,0.000,1000.02,20001,0,0,/home/cc/mq-bench/artifacts/bench_20250909_224831_fanout_mqtt_emqx_s512_p16384_r1000/fanout_singlesite
fanout-mqtt-hivemq-s512,16384,1000,bench_20250909_224852_fanout_mqtt_hivemq_s512_p16384_r1000,0.00,0.000,0.000,0.000,999.99,20001,0,0,/home/cc/mq-bench/artifacts/bench_20250909_224852_fanout_mqtt_hivemq_s512_p16384_r1000/fanout_singlesite
fanout-mqtt-rabbitmq-s512,16384,1000,bench_20250909_224913_fanout_mqtt_rabbitmq_s512_p16384_r1000,0.00,0.000,0.000,0.000,1000.01,20001,0,0,/home/cc/mq-bench/artifacts/bench_20250909_224913_fanout_mqtt_rabbitmq_s512_p16384_r1000/fanout_singlesite
fanout-mqtt-artemis-s512,16384,1000,bench_20250909_224934_fanout_mqtt_artemis_s512_p16384_r1000,0.00,0.000,0.000,0.000,1000.00,20001,0,0,/home/cc/mq-bench/artifacts/bench_20250909_224934_fanout_mqtt_artemis_s512_p16384_r1000/fanout_singlesite
fanout-mqtt-mosquitto-s1024,1024,1000,bench_20250909_224955_fanout_mqtt_mosquitto_s1024_p1024_r1000,71422.16,6425.674,14394.851,15091.106,1000.01,20002,1356662,0,/home/cc/mq-bench/artifacts/bench_20250909_224955_fanout_mqtt_mosquitto_s1024_p1024_r1000/fanout_singlesite
fanout-mqtt-emqx-s1024,1024,1000,bench_20250909_225016_fanout_mqtt_emqx_s1024_p1024_r1000,292949.40,7222.591,12851.347,13388.218,1000.01,20001,5564671,0,/home/cc/mq-bench/artifacts/bench_20250909_225016_fanout_mqtt_emqx_s1024_p1024_r1000/fanout_singlesite
fanout-mqtt-hivemq-s1024,1024,1000,bench_20250909_225037_fanout_mqtt_hivemq_s1024_p1024_r1000,69236.38,7847.543,15955.132,17381.196,1000.02,20001,1315187,0,/home/cc/mq-bench/artifacts/bench_20250909_225037_fanout_mqtt_hivemq_s1024_p1024_r1000/fanout_singlesite
fanout-mqtt-rabbitmq-s1024,1024,1000,bench_20250909_225058_fanout_mqtt_rabbitmq_s1024_p1024_r1000,77951.02,8665.432,16617.832,17347.641,1000.03,20002,1480447,0,/home/cc/mq-bench/artifacts/bench_20250909_225058_fanout_mqtt_rabbitmq_s1024_p1024_r1000/fanout_singlesite
fanout-mqtt-artemis-s1024,1024,1000,bench_20250909_225119_fanout_mqtt_artemis_s1024_p1024_r1000,824842.65,1986.003,3401.581,3523.215,1000.05,20002,15667275,0,/home/cc/mq-bench/artifacts/bench_20250909_225119_fanout_mqtt_artemis_s1024_p1024_r1000/fanout_singlesite
fanout-mqtt-mosquitto-s1024,4096,1000,bench_20250909_225140_fanout_mqtt_mosquitto_s1024_p4096_r1000,53333.84,3032.482,7000.293,7356.809,1000.03,20002,1013161,0,/home/cc/mq-bench/artifacts/bench_20250909_225140_fanout_mqtt_mosquitto_s1024_p4096_r1000/fanout_singlesite
fanout-mqtt-emqx-s1024,4096,1000,bench_20250909_225202_fanout_mqtt_emqx_s1024_p4096_r1000,272250.05,7079.985,13220.446,13774.094,999.97,20001,5172214,0,/home/cc/mq-bench/artifacts/bench_20250909_225202_fanout_mqtt_emqx_s1024_p4096_r1000/fanout_singlesite
fanout-mqtt-hivemq-s1024,4096,1000,bench_20250909_225223_fanout_mqtt_hivemq_s1024_p4096_r1000,73164.70,8417.968,17129.538,17582.522,1000.06,20002,1389480,0,/home/cc/mq-bench/artifacts/bench_20250909_225223_fanout_mqtt_hivemq_s1024_p4096_r1000/fanout_singlesite
fanout-mqtt-rabbitmq-s1024,4096,1000,bench_20250909_225244_fanout_mqtt_rabbitmq_s1024_p4096_r1000,92116.86,4265.607,9437.184,9915.335,999.99,20001,1749655,0,/home/cc/mq-bench/artifacts/bench_20250909_225244_fanout_mqtt_rabbitmq_s1024_p4096_r1000/fanout_singlesite
fanout-mqtt-artemis-s1024,4096,1000,bench_20250909_225305_fanout_mqtt_artemis_s1024_p4096_r1000,617425.24,3992.977,7033.848,7352.615,1000.00,20001,11727458,0,/home/cc/mq-bench/artifacts/bench_20250909_225305_fanout_mqtt_artemis_s1024_p4096_r1000/fanout_singlesite
fanout-mqtt-mosquitto-s1024,16384,1000,bench_20250909_225326_fanout_mqtt_mosquitto_s1024_p16384_r1000,0.00,0.000,0.000,0.000,1000.01,20001,0,0,/home/cc/mq-bench/artifacts/bench_20250909_225326_fanout_mqtt_mosquitto_s1024_p16384_r1000/fanout_singlesite
fanout-mqtt-emqx-s1024,16384,1000,bench_20250909_225347_fanout_mqtt_emqx_s1024_p16384_r1000,0.00,0.000,0.000,0.000,999.97,20001,0,0,/home/cc/mq-bench/artifacts/bench_20250909_225347_fanout_mqtt_emqx_s1024_p16384_r1000/fanout_singlesite
fanout-mqtt-hivemq-s1024,16384,1000,bench_20250909_225408_fanout_mqtt_hivemq_s1024_p16384_r1000,0.00,0.000,0.000,0.000,1000.01,20001,0,0,/home/cc/mq-bench/artifacts/bench_20250909_225408_fanout_mqtt_hivemq_s1024_p16384_r1000/fanout_singlesite
fanout-mqtt-rabbitmq-s1024,16384,1000,bench_20250909_225429_fanout_mqtt_rabbitmq_s1024_p16384_r1000,0.00,0.000,0.000,0.000,999.97,20001,0,0,/home/cc/mq-bench/artifacts/bench_20250909_225429_fanout_mqtt_rabbitmq_s1024_p16384_r1000/fanout_singlesite
fanout-mqtt-artemis-s1024,16384,1000,bench_20250909_225450_fanout_mqtt_artemis_s1024_p16384_r1000,0.00,0.000,0.000,0.000,1000.00,20001,0,0,/home/cc/mq-bench/artifacts/bench_20250909_225450_fanout_mqtt_artemis_s1024_p16384_r1000/fanout_singlesite
