timestamp,sent_count,received_count,error_count,total_throughput,interval_throughput,latency_ns_p25,latency_ns_p50,latency_ns_p75,latency_ns_p95,latency_ns_p99,latency_ns_min,latency_ns_max,latency_ns_mean,latency_ns_stddev,latency_sample_count,connections,active_connections,connection_attempts,connection_failures,crashes_injected,reconnects,reconnect_failures,duplicate_count,gap_count,interval_latency_ns_p50,interval_latency_ns_p95,interval_latency_ns_p99,interval_latency_ns_mean,interval_latency_sample_count
1781294455,0,0,0,0,0,0,0,0,0,0,0,0,0,0,0,0,0,99,0,0,0,0,0,0,0,0,0,0,0
1781294456,0,0,0,0,0,0,0,0,0,0,0,0,0,0,0,100,100,100,0,0,0,0,0,0,0,0,0,0,0
1781294457,0,0,0,0,0,0,0,0,0,0,0,0,0,0,0,100,100,100,0,0,0,0,0,0,0,0,0,0,0
1781294458,0,0,0,0,0,0,0,0,0,0,0,0,0,0,0,100,100,100,0,0,0,0,0,0,0,0,0,0,0
1781294459,0,0,0,0,0,0,0,0,0,0,0,0,0,0,0,100,100,100,0,0,0,0,0,0,0,0,0,0,0
1781294460,0,0,0,0,0,0,0,0,0,0,0,0,0,0,0,100,100,100,0,0,0,0,0,0,0,0,0,0,0
1781294461,0,0,0,0,0,0,0,0,0,0,0,0,0,0,0,100,100,100,0,0,0,0,0,0,0,0,0,0,0
1781294462,0,0,0,0,0,0,0,0,0,0,0,0,0,0,0,200,200,200,0,0,0,0,0,0,0,0,0,0,0
1781294463,0,0,0,0,0,0,0,0,0,0,0,0,0,0,0,200,200,200,0,0,0,0,0,0,0,0,0,0,0
1781294464,0,0,0,0,0,0,0,0,0,0,0,0,0,0,0,200,200,200,0,0,0,0,0,0,0,0,0,0,0
1781294465,0,0,0,0,0,0,0,0,0,0,0,0,0,0,0,200,200,200,0,0,0,0,0,0,0,0,0,0,0
1781294466,0,0,0,0,0,0,0,0,0,0,0,0,0,0,0,200,200,200,0,0,0,0,0,0,0,0,0,0,0
1781294467,0,0,0,0,0,0,0,0,0,0,0,0,0,0,0,200,200,200,0,0,0,0,0,0,0,0,0,0,0
1781294468,0,0,0,0,0,0,0,0,0,0,0,0,0,0,0,200,200,200,0,0,0,0,0,0,0,0,0,0,0
1781294469,0,0,0,0,0,0,0,0,0,0,0,0,0,0,0,300,300,300,0,0,0,0,0,0,0,0,0,0,0
1781294470,0,0,0,0,0,0,0,0,0,0,0,0,0,0,0,300,300,300,0,0,0,0,0,0,0,0,0,0,0
1781294471,0,0,0,0,0,0,0,0,0,0,0,0,0,0,0,300,300,300,0,0,0,0,0,0,0,0,0,0,0
1781294472,0,0,0,0,0,0,0,0,0,0,0,0,0,0,0,300,300,300,0,0,0,0,0,0,0,0,0,0,0
1781294473,0,0,0,0,0,0,0,0,0,0,0,0,0,0,0,300,300,300,0,0,0,0,0,0,0,0,0,0,0
1781294474,0,0,0,0,0,0,0,0,0,0,0,0,0,0,0,300,300,300,0,0,0,0,0,0,0,0,0,0,0
1781294475,0,0,0,0,0,0,0,0,0,0,0,0,0,0,0,300,300,300,0,0,0,0,0,0,0,0,0,0,0
1781294476,0,0,0,0,0,0,0,0,0,0,0,0,0,0,0,400,400,400,0,0,0,0,0,0,0,0,0,0,0
1781294477,0,0,0,0,0,0,0,0,0,0,0,0,0,0,0,400,400,400,0,0,0,0,0,0,0,0,0,0,0
1781294478,0,0,0,0,0,0,0,0,0,0,0,0,0,0,0,400,400,400,0,0,0,0,0,0,0,0,0,0,0
1781294479,0,0,0,0,0,0,0,0,0,0,0,0,0,0,0,400,400,400,0,0,0,0,0,0,0,0,0,0,0
1781294480,0,0,0,0,0,0,0,0,0,0,0,0,0,0,0,400,400,400,0,0,0,0,0,0,0,0,0,0,0
1781294481,0,0,0,0,0,0,0,0,0,0,0,0,0,0,0,400,400,400,0,0,0,0,0,0,0,0,0,0,0
1781294482,0,0,0,0,0,0,0,0,0,0,0,0,0,0,0,500,500,500,0,0,0,0,0,0,0,0,0,0,0
1781294483,0,0,0,0,0,0,0,0,0,0,0,0,0,0,0,500,500,500,0,0,0,0,0,0,0,0,0,0,0
1781294484,0,0,0,0,0,0,0,0,0,0,0,0,0,0,0,500,500,500,0,0,0,0,0,0,0,0,0,0,0
1781294485,0,0,0,0,0,0,0,0,0,0,0,0,0,0,0,500,500,500,0,0,0,0,0,0,0,0,0,0,0
1781294486,0,0,0,0,0,0,0,0,0,0,0,0,0,0,0,500,500,500,0,0,0,0,0,0,0,0,0,0,0
1781294487,0,0,0,0,0,0,0,0,0,0,0,0,0,0,0,500,500,500,0,0,0,0,0,0,0,0,0,0,0
1781294488,0,0,0,0,0,0,0,0,0,0,0,0,0,0,0,500,500,500,0,0,0,0,0,0,0,0,0,0,0
1781294489,0,0,0,0,0,0,0,0,0,0,0,0,0,0,0,600,600,600,0,0,0,0,0,0,0,0,0,0,0
1781294490,0,0,0,0,0,0,0,0,0,0,0,0,0,0,0,600,600,600,0,0,0,0,0,0,0,0,0,0,0
1781294491,0,0,0,0,0,0,0,0,0,0,0,0,0,0,0,600,600,600,0,0,0,0,0,0,0,0,0,0,0
1781294492,0,0,0,0,0,0,0,0,0,0,0,0,0,0,0,600,600,600,0,0,0,0,0,0,0,0,0,0,0
1781294493,0,0,0,0,0,0,0,0,0,0,0,0,0,0,0,600,600,600,0,0,0,0,0,0,0,0,0,0,0
1781294494,0,0,0,0,0,0,0,0,0,0,0,0,0,0,0,600,600,600,0,0,0,0,0,0,0,0,0,0,0
1781294495,0,0,0,0,0,0,0,0,0,0,0,0,0,0,0,600,600,600,0,0,0,0,0,0,0,0,0,0,0
1781294496,0,0,0,0,0,0,0,0,0,0,0,0,0,0,0,700,700,700,0,0,0,0,0,0,0,0,0,0,0
1781294497,0,0,0,0,0,0,0,0,0,0,0,0,0,0,0,700,700,700,0,0,0,0,0,0,0,0,0,0,0
1781294498,0,0,0,0,0,0,0,0,0,0,0,0,0,0,0,700,700,700,0,0,0,0,0,0,0,0,0,0,0
1781294499,0,0,0,0,0,0,0,0,0,0,0,0,0,0,0,700,700,700,0,0,0,0,0,0,0,0,0,0,0
1781294500,0,0,0,0,0,0,0,0,0,0,0,0,0,0,0,700,700,700,0,0,0,0,0,0,0,0,0,0,0
1781294501,0,0,0,0,0,0,0,0,0,0,0,0,0,0,0,700,700,700,0,0,0,0,0,0,0,0,0,0,0
1781294502,0,0,0,0,0,0,0,0,0,0,0,0,0,0,0,800,800,800,0,0,0,0,0,0,0,0,0,0,0
1781294503,0,0,0,0,0,0,0,0,0,0,0,0,0,0,0,800,800,800,0,0,0,0,0,0,0,0,0,0,0
1781294504,0,0,0,0,0,0,0,0,0,0,0,0,0,0,0,800,800,800,0,0,0,0,0,0,0,0,0,0,0
1781294505,0,0,0,0,0,0,0,0,0,0,0,0,0,0,0,800,800,800,0,0,0,0,0,0,0,0,0,0,0
1781294506,0,0,0,0,0,0,0,0,0,0,0,0,0,0,0,800,800,800,0,0,0,0,0,0,0,0,0,0,0
1781294507,0,0,0,0,0,0,0,0,0,0,0,0,0,0,0,800,800,800,0,0,0,0,0,0,0,0,0,0,0
1781294508,0,0,0,0,0,0,0,0,0,0,0,0,0,0,0,800,800,800,0,0,0,0,0,0,0,0,0,0,0
1781294509,0,0,0,0,0,0,0,0,0,0,0,0,0,0,0,900,900,900,0,0,0,0,0,0,0,0,0,0,0
1781294510,0,0,0,0,0,0,0,0,0,0,0,0,0,0,0,900,900,900,0,0,0,0,0,0,0,0,0,0,0
1781294511,0,0,0,0,0,0,0,0,0,0,0,0,0,0,0,900,900,900,0,0,0,0,0,0,0,0,0,0,0
1781294512,0,0,0,0,0,0,0,0,0,0,0,0,0,0,0,900,900,900,0,0,0,0,0,0,0,0,0,0,0
1781294513,0,0,0,0,0,0,0,0,0,0,0,0,0,0,0,900,900,900,0,0,0,0,0,0,0,0,0,0,0
1781294514,0,0,0,0,0,0,0,0,0,0,0,0,0,0,0,900,900,900,0,0,0,0,0,0,0,0,0,0,0
1781294515,0,0,0,0,0,0,0,0,0,0,0,0,0,0,0,900,900,900,0,0,0,0,0,0,0,0,0,0,0
1781294516,0,0,0,0,0,0,0,0,0,0,0,0,0,0,0,1000,1000,1000,0,0,0,0,0,0,0,0,0,0,0
1781294517,0,16866,0,21943.85,16868.48,1461948.28,2237698.25,3088528.83,6024752.85,7763098.06,334848,12369919,2518780.07,1524058.49,16866,1000,1000,1000,0,0,0,0,0,0,2237698.25,6024752.85,7763098.06,2518780.07,16866
1781294518,0,36876,0,20841.91,20008.25,1418702.49,2181251.29,2937559.60,4267687.00,7115255.28,334848,12369919,2305560.20,1255435.78,36876,1000,1000,1000,0,0,0,0,0,0,2112267.82,3456245.87,4159906.22,2125841.74,20010
1781294519,0,56883,0,20540.22,20007.91,1414171.60,2174395.09,2893736.92,3632119.21,6642332.78,334848,12369919,2243291.74,1148827.69,56883,1000,1000,1000,0,0,0,0,0,0,2114893.17,3495759.65,3728087.42,2128521.32,20007
1781294520,0,76879,0,20395.79,19996.05,1410991.32,2168335.11,2875842.72,3548844.28,6238849.43,334848,12369919,2210503.82,1092580.39,76879,1000,1000,1000,0,0,0,0,0,0,2072240.29,3488775.71,3754572.63,2117231.39,19996
1781294521,0,96875,0,20311.97,19996,1400732.96,2147759.00,2855516.17,3510040.10,5838753.83,334848,12369919,2177400.91,1054827.76,96875,1000,1000,1000,0,0,0,0,0,0,1992362.66,3430395.62,3545193.72,2050129.52,19996
1781294522,0,116879,0,20258.37,20003.20,1397846.44,2141618.69,2849842.21,3500544.83,5540652.62,334848,12369919,2162309.22,1029739.40,116879,1000,1000,1000,0,0,0,0,0,0,2062433.28,3465758.94,3647118.95,2089223.49,20004
1781294523,0,136873,0,20219.39,19994.40,1394565.28,2134617.02,2841936.28,3496196.13,5252857.35,334848,12369919,2150793.45,1012276.46,136873,1000,1000,1000,0,0,0,0,0,0,2038137.43,3447604.08,3822592.23,2083475.67,19994
1781294524,0,156871,0,20190.98,19998.46,1392602.26,2129951.78,2836900.45,3489192.43,4966762.71,334848,12369919,2141981.94,997127.60,156871,1000,1000,1000,0,0,0,0,0,0,2049378.36,3452695.14,3638305.82,2081673.01,19998
1781294525,0,176879,0,20170.08,20007.73,1393983.47,2129872.61,2836291.18,3485958.48,4664668.77,334848,12369919,2137201.75,984793.83,176879,1000,1000,1000,0,0,0,0,0,0,2048913.58,3460967.71,3583749.65,2099723.06,20008
1781294526,0,196860,0,20150.84,19981.66,1394004.68,2128815.85,2834740.06,3484927.71,4459525.86,334848,12369919,2133813.91,976445.23,196860,1000,1000,1000,0,0,0,0,0,0,2059675.50,3478234.22,3807242.79,2103823.52,19981
1781294527,0,216874,0,20137.95,20012.68,1395996.76,2130189.99,2837771.96,3493540.17,4578985.02,334848,12369919,2137989.15,977349.36,216874,1000,1000,1000,0,0,0,0,0,0,2133927.30,3638256.37,4704086.57,2179057.30,20014
1781294528,0,236875,0,20126.38,20001.48,1396284.44,2128525.89,2837466.59,3493472.07,4436159.60,334848,12369919,2134882.55,970305.01,236875,1000,1000,1000,0,0,0,0,0,0,2050907.63,3469806.08,3692777.89,2101197.18,20001
1781294529,0,256874,0,20116.41,19999.33,1393405.34,2122415.09,2834495.97,3492996.15,4416312.84,334848,12369919,2130907.14,967137.30,256874,1000,1000,1000,0,0,0,0,0,0,2015754.49,3507441.44,4094905.52,2083821.09,19999
1781294530,0,276871,0,20107.79,19997.38,1392904.02,2121989.49,2833636.37,3491148.99,4328162.56,334848,12369919,2128805.05,962605.13,276871,1000,1000,1000,0,0,0,0,0,0,2061202.08,3466453.61,3725835.26,2101802.38,19997
1781294531,0,296879,0,20100.90,20006.28,1391768.38,2120887.51,2832786.99,3490105.06,4260827.02,334848,12369919,2126512.93,958838.66,296879,1000,1000,1000,0,0,0,0,0,0,2064864.14,3464098.77,3823307.31,2094794.46,20008
1781294532,0,316880,0,20094.66,20002.29,1390717.47,2119599.22,2832262.03,3491957.90,4275402.45,334336,12369919,2126180.28,959617.09,316880,1000,1000,1000,0,0,0,0,0,0,2082047.70,3524147.25,4478132.49,2121242.70,20001
1781294533,0,336874,0,20088.63,19993.92,1388512.64,2116756.37,2831994.25,3493386.37,4252608.53,334336,12369919,2123966.52,958269.59,336874,1000,1000,1000,0,0,0,0,0,0,2048552.64,3507462.35,4000736.17,2088881.23,19994
1781294534,0,356876,0,20083.76,20002.23,1388552.51,2115727.11,2833270.56,3496276.18,4192175.89,334336,12369919,2123110.51,956061.54,356876,1000,1000,1000,0,0,0,0,0,0,2062285.44,3525782.95,3728629.66,2108693.61,20002
1781294535,0,376879,0,20079.42,20002.14,1387411.68,2113207.46,2831964.72,3496338.56,4143408.05,334336,12369919,2120642.93,953319.51,376879,1000,1000,1000,0,0,0,0,0,0,2034383.84,3473926.09,3689714.83,2076618.57,20003
1781294536,0,396871,0,20075.05,19992.76,1386979.83,2112970.20,2831320.45,3495029.64,4155015.79,334336,12369919,2120246.84,952622.76,396871,1000,1000,1000,0,0,0,0,0,0,2080020.46,3523420.32,4178332.04,2112779.81,19992
1781294537,0,416870,0,20071.31,19998.43,1387766.83,2114052.83,2832990.38,3497765.12,4244603.80,334336,12369919,2122890.84,956888.72,416870,1000,1000,1000,0,0,0,0,0,0,2086925.44,3684446.44,5060477.46,2175359.80,19999
1781294538,0,436875,0,20068.31,20005.36,1387495.12,2111290.07,2831618.24,3496199.99,4199157.23,334336,12369919,2121023.23,954124.30,436875,1000,1000,1000,0,0,0,0,0,0,2037509.92,3462594.32,3782171.69,2082105.48,20005
1781294539,0,456879,0,20065.49,20004.29,1388150.70,2111073.38,2832228.53,3496269.22,4171704.04,334336,12369919,2121095.19,951992.65,456879,1000,1000,1000,0,0,0,0,0,0,2098636.78,3490065.48,3823760.79,2122666.75,20004
1781294540,0,476878,0,20062.68,19998.48,1388303.25,2110985.60,2831823.36,3495808.22,4149604.59,334336,12369919,2120254.41,949934.47,476878,1000,1000,1000,0,0,0,0,0,0,2070410.05,3487589.29,3804569.18,2101046.81,19999
1781294541,0,496878,0,20060.16,20000.45,1388333.57,2110522.23,2831638.75,3494747.36,4125822.31,334336,12369919,2119261.95,948037.62,496878,1000,1000,1000,0,0,0,0,0,0,2033082.65,3469291.34,3813218.33,2095597.65,20000
1781294542,0,516877,0,20057.85,19999.73,1387710.47,2108875.55,2831476.48,3496349.69,4153407.84,334336,12369919,2119305.23,948539.23,516877,1000,1000,1000,0,0,0,0,0,0,2072707.92,3585296.27,4427114.18,2120380.74,19999
1781294543,0,536872,0,20055.50,19993.58,1388057.95,2108663.64,2831714.20,3495204.71,4117379.86,334336,12369919,2118802.25,946579.80,536872,1000,1000,1000,0,0,0,0,0,0,2071075.59,3472407.43,3696609.30,2105800.09,19995
1781294544,0,556877,0,20053.68,20005.12,1388397.76,2110379.26,2832749.26,3496952.00,4134114.99,334336,12369919,2119893.18,946726.87,556877,1000,1000,1000,0,0,0,0,0,0,2106079.07,3575276.09,4280753.07,2149170.16,20005
1781294545,0,576874,0,20051.71,19997.83,1387843.92,2110440.71,2832362.44,3495826.71,4127455.08,334336,12369919,2119267.38,945685.53,576874,1000,1000,1000,0,0,0,0,0,0,2073333.95,3468606.08,3954799.86,2101840.26,19997
1781294546,0,596880,0,20050.12,20006.19,1385384.59,2100492.60,2829347.21,3493820.09,4121063.08,334336,12369919,2115679.78,944773.23,596880,1000,1000,1000,0,0,0,0,0,0,1939246.32,3431374.58,3963702.36,2012231.04,20006
1781294547,0,616877,0,20048.35,19996.01,1385210.92,2100079.93,2828185.97,3492041.66,4099198.74,334336,12369919,2114499.37,943081.43,616877,1000,1000,1000,0,0,0,0,0,0,2032618.00,3447086.46,3727449.13,2079265.98,19997
1781294548,0,636876,0,20046.87,19998.59,1383432.76,2099649.11,2826306.80,3490504.92,4107477.43,334080,12369919,2113838.80,947904.60,636876,1000,1000,1000,0,0,0,0,0,0,2021144.79,3478911.79,4776378.31,2093463.20,19999
1781294549,0,656880,0,20045.52,20003.78,1381032.25,2096469.19,2823305.40,3486738.10,4083199.43,312576,12369919,2110277.80,946172.18,656880,1000,1000,1000,0,0,0,0,0,0,1964821.01,3338634.80,3547268.09,1996904.86,20004
1781294550,0,676877,0,20044.07,19997.08,1379342.77,2092602.13,2821109.52,3484570.68,4059424.03,312576,12369919,2107580.24,944296.33,676877,1000,1000,1000,0,0,0,0,0,0,1970394.68,3389063.34,3598909.04,2018968.13,19997
1781294551,0,696878,0,20042.82,20000.68,1378767.25,2091865.35,2820562.50,3483711.25,4034014.46,312576,12369919,2106329.20,942862.67,696878,1000,1000,1000,0,0,0,0,0,0,2016977.19,3436977.67,3581398.78,2063991.34,20001
1781294552,0,716875,0,20041.54,19998.17,1378788.33,2093586.69,2820979.95,3484982.42,4033011.02,312576,12369919,2106838.34,943612.19,716875,1000,1000,1000,0,0,0,0,0,0,2102938.39,3527249.52,4293291.54,2124581.53,19997
1781294553,0,736878,0,20040.48,20001.69,1378921.50,2093640.79,2821344.82,3485476.57,4011257.29,312576,12369919,2106276.72,942380.77,736878,1000,1000,1000,0,0,0,0,0,0,2035467.07,3470747.25,3632653.72,2086149.08,20003
1781294554,0,756876,0,20039.39,19998.62,1378634.40,2093435.54,2821200.20,3485826.42,3991791.49,312576,12369919,2105570.12,941310.94,756876,1000,1000,1000,0,0,0,0,0,0,2030329.39,3489434.51,3624192.46,2079533.69,19998
1781294555,0,776880,0,20038.51,20004.21,1378505.83,2093897.08,2821790.25,3486361.49,3977854.92,312576,12369919,2105257.85,940393.30,776880,1000,1000,1000,0,0,0,0,0,0,2044654.67,3504329.81,3671909.84,2093442.73,20004
1781294556,0,796875,0,20037.37,19995.11,1377969.04,2094106.71,2822342.70,3488412.58,4021974.36,312576,13836287,2108306.34,953862.57,796875,1000,1000,1000,0,0,0,0,0,0,2064409.63,3814033.60,6948509.94,2226751.57,19995
1781294557,0,816883,0,20036.68,20008.24,1377615.79,2094387.06,2822619.16,3489359.00,4046523.04,312576,13836287,2109026.14,956710.13,816883,1000,1000,1000,0,0,0,0,0,0,2073139.36,3587137.02,4945218.86,2137694.20,20008
1781294558,0,836878,0,20035.71,19994.85,1377425.25,2095929.67,2822666.04,3490075.52,4052022.51,312576,13836287,2109396.31,958232.39,836878,1000,1000,1000,0,0,0,0,0,0,2097279.44,3493774.43,4646528.54,2124519.35,19995
1781294559,0,856874,0,20034.72,19995.84,1377354.71,2096833.63,2823226.57,3490854.20,4057509.83,312576,13836287,2110235.25,960156.03,856874,1000,1000,1000,0,0,0,0,0,0,2095412.62,3545237.35,4756311.24,2145346.56,19996
1781294560,0,876854,0,20033.55,19980.38,1377422.54,2097165.64,2822809.03,3490705.36,4066170.93,312576,13836287,2110405.70,961177.15,876854,1000,1000,1000,0,0,0,0,0,0,2075342.52,3469304.44,4578840.73,2117715.59,19980
1781294561,0,896879,0,20033.25,20024.14,1378331.93,2097634.97,2822752.10,3490222.20,4051663.05,312576,13836287,2110492.53,960327.66,896879,1000,1000,1000,0,0,0,0,0,0,2076305.53,3436507.41,4027077.08,2114294.62,20025
1781294562,0,916870,0,20032.49,19991.77,1379570.99,2099623.70,2824409.41,3493869.21,4111358.22,312576,13836287,2113096.83,961989.17,916870,1000,1000,1000,0,0,0,0,0,0,2168395.14,3879771.85,4874134.30,2229936.82,19991
1781294563,0,936858,0,20031.45,19987.90,1379387.43,2096486.63,2824087.17,3494773.29,4130432.76,312576,13836287,2112812.61,962557.48,936858,1000,1000,1000,0,0,0,0,0,0,2024337.16,3624850.19,4625507.41,2099775.08,19988
1781294564,0,956876,0,20031.17,20019.05,1379177.18,2097456.96,2824621.61,3495591.90,4143454.98,312576,13836287,2113498.88,964411.72,956876,1000,1000,1000,0,0,0,0,0,0,2106430.12,3526204.33,4798116.79,2145617.02,20018
1781294565,0,976873,0,20030.45,19995.70,1378673.55,2097313.51,2824536.63,3495694.81,4148794.22,312576,13836287,2113203.45,964475.93,976873,1000,1000,1000,0,0,0,0,0,0,2056864.48,3511878.00,4264428.85,2099066.44,19997
1781294566,0,996876,0,20029.89,20003.36,1378074.37,2096259.17,2824596.23,3496331.08,4163811.25,312576,13836287,2113055.43,965463.38,996876,1000,1000,1000,0,0,0,0,0,0,2004025.77,3543638.05,4608134.76,2105826.67,20003
1781294567,0,1016875,0,20029.31,19999.60,1377246.10,2095257.61,2823796.88,3495326.71,4142439.15,312576,13836287,2111849.38,964273.35,1016875,1000,1000,1000,0,0,0,0,0,0,2006014.69,3452026.76,3623142.13,2051732.36,19999
1781294568,0,1036886,0,20028.94,20010.54,1376646.83,2094572.05,2823602.23,3495041.52,4121808.19,312576,13836287,2111067.62,963335.83,1036886,1000,1000,1000,0,0,0,0,0,0,2016834.16,3490872.57,3709734.29,2071342.17,20011
1781294569,0,1056857,0,20027.87,19971.40,1376769.48,2094937.18,2824443.98,3496736.79,4135794.66,312576,13836287,2111768.07,964547.34,1056857,1000,1000,1000,0,0,0,0,0,0,2078621.27,3595961.61,4552299.88,2148135.04,19971
1781294570,0,1076875,0,20027.67,20017.03,1375827.21,2093910.38,2823301.23,3495699.01,4130189.96,312576,13836287,2110765.64,964703.21,1076875,1000,1000,1000,0,0,0,0,0,0,1997048.27,3421888.62,4390405.09,2057841.96,20018
1781294571,0,1096878,0,20027.22,20003.08,1375525.51,2093860.65,2822378.97,3493691.76,4119159.56,312576,13836287,2109809.72,963391.83,1096878,1000,1000,1000,0,0,0,0,0,0,2039800.65,3395624.26,3745883.97,2058346.90,20003
1781294572,0,1116878,0,20026.78,20001.10,1375345.91,2093358.60,2820903.81,3491399.10,4102113.59,312576,13836287,2108720.78,961723.69,1116878,1000,1000,1000,0,0,0,0,0,0,2009476.12,3367146.93,3528830.49,2048999.01,20000
1781294573,0,1136879,0,20026.26,20000.31,1374942.06,2092817.98,2819612.80,3489352.21,4089864.94,312576,13836287,2107599.21,960231.69,1136879,1000,1000,1000,0,0,0,0,0,0,1989085.18,3348472.96,3636619.93,2044969.57,20001
1781294574,0,1156870,0,20025.65,19991.46,1374440.05,2092940.44,2818719.93,3488041.72,4091645.99,312576,13836287,2107002.48,959710.20,1156870,1000,1000,1000,0,0,0,0,0,0,2040047.34,3486236.53,4019200.59,2073067.11,19991
1781294575,0,1176875,0,20025.33,20004.19,1373498.06,2091507.63,2816927.56,3486199.05,4089164.16,312576,13836287,2105785.51,959434.41,1176875,1000,1000,1000,0,0,0,0,0,0,1982555.96,3391940.72,4129027.03,2035409.30,20005
1781294576,0,1196877,0,20024.90,20002.59,1373814.45,2092601.30,2816792.02,3485522.56,4106220.39,312576,13836287,2106740.93,961478.07,1196877,1000,1000,1000,0,0,0,0,0,0,2116993.67,3625364.36,5129925.28,2162955.50,20002
1781294577,0,3891486,0,64027.21,2694432.16,4733464.80,82338710.09,160325403.60,258748617.89,279718644.78,312576,503316479,90587275.58,93612272.39,3891486,1000,1000,1000,0,0,0,0,0,0,121722765.79,251634151.86,268843497.59,129888085.78,2694609
1781294578,0,7526626,0,121835.03,3635361.61,74766664.85,266015897.87,467140002.44,628250128.95,657731659.59,312576,1024983039,275304706.11,223001765.63,7526626,1000,1000,1000,0,0,0,0,0,0,475067360.56,633726501.85,649057957.37,473048202.89,3635140
1781294579,0,11076026,0,176434.61,3549311.73,148333010.63,479562302.91,752800892.86,986020974.55,1036503601.72,312576,1677721599,472274391.44,340523290.36,11076026,1000,1000,1000,0,0,0,0,0,0,884232356.74,1045959704.43,1067492004.20,889955451.57,3549400
1781294580,0,14665260,0,229953.29,3589445.99,299684631.99,659051443.57,1054319270.92,1360619817.88,1432753423.80,312576,2216689663,675456232.97,453988854.48,14665260,1000,1000,1000,0,0,0,0,0,0,1307142843.70,1473421441.24,1490503279.09,1302455575.85,3589234
1781294581,0,17953452,0,277171.99,3287976.16,398217464.79,891558308.10,1351196151.11,1717134064.41,1831045438.48,312576,2533359615,869984923.26,562222003.75,17953452,1000,1000,1000,0,0,0,0,0,0,1728754081.07,1928020841.40,1944369214.70,1737578366.89,3288192
1781294582,0,22610863,0,343766.94,4657510.57,542131816.88,1140815689.63,1715491617.21,2111841929.90,2168436914.54,312576,2915041279,1121437786.81,694778596.30,22610863,1000,1000,1000,0,0,0,0,0,0,2086327385.44,2203335158.58,2223868691.44,2090741744.77,4657411
1781294583,0,26220942,0,392702.47,3610085.44,667186213.39,1325227099.56,1952265144.25,2371653408.39,2529908429.86,312576,3405774847,1284898800.94,760336819.86,26220941,1000,1000,1000,0,0,0,0,0,0,2322212880.60,2486405786.62,2507235012.41,2308697897.89,3610078
1781294584,0,29744576,0,438903.19,3523636.35,775371754.50,1477380645.83,2128048622.29,2734239712.50,2885537985.43,312576,3871342591,1461268204.43,858770920.80,29744576,1000,1000,1000,0,0,0,0,0,0,2773913186.57,2906497320.75,2924039273.94,2773711667.83,3523635
1781294585,0,33037911,0,480398.78,3293234.17,896042155.54,1689818004.21,2404635263.30,2997723596.16,3285060713.30,312576,4840226815,1622268524.66,936991843.92,33037911,1000,1000,1000,0,0,0,0,0,0,3083120549.77,3213903197.39,3232180062.04,3076383050.19,3293335
1781294586,0,36520959,0,523445.22,3483191.33,999611309.53,1830936445.90,2623166882.87,3435197858.11,3747441060.14,312576,5356126207,1819618730.22,1063152603.89,36520959,1000,1000,1000,0,0,0,0,0,0,3702388556.12,3834038799.74,3856002392.03,3691553462.96,3483048
1781294587,0,39972507,0,564832.16,3451489.70,1084143303.27,2001777239.35,2924558093.69,3823899651.29,4145567747.70,312576,6090129407,1992415584.84,1178070928.83,39972507,1000,1000,1000,0,0,0,0,0,0,3818142583.87,3999053905.93,4016988875.92,3820785592.46,3451548
1781294588,0,44681814,0,622569.83,4709563.55,1202890758.71,2143100389.30,3240026379.85,4421232638.93,4486937936.13,312576,6631194623,2240997780.72,1333056351.16,44681814,1000,1000,1000,0,0,0,0,0,0,4363172584.93,4472551305.81,4492121767.99,4350958665.57,4709307
1781294589,0,50222053,0,690142.97,5539906.14,1317711134.26,2465174093.71,3860374113.36,4512260428.92,4586404838.31,312576,6677331967,2494802918.10,1446169701.15,50222053,1000,1000,1000,0,0,0,0,0,0,4550741168.53,4670092049.08,4692989587.99,4541731568.81,5540239
1781294590,0,55862717,0,757243.67,5641141.35,1470540779.04,2741482446.60,4242823289.94,4618729197.27,4693297898.57,312576,6677331967,2714270500.76,1508653440.75,55862716,1000,1000,1000,0,0,0,0,0,0,4678546928.40,4766681449.74,4788572233.04,4668316074.48,5640663
1781294591,0,61221279,0,818776.86,5358559.41,1616070612.16,3185224706.05,4379379220.94,4711860874.61,4781235657.46,312576,6677331967,2880845984.04,1534258109.06,61221279,1000,1000,1000,0,0,0,0,0,0,4625386719.50,4769065133.53,4790316819.72,4617385969.71,5358563
1781294592,0,67026157,0,884589.14,5805041.51,1748537503.76,3315291370.90,4458529038.86,4760332453.80,4848015071.42,312576,6677331967,3017264465.71,1543094540.76,67026157,1000,1000,1000,0,0,0,0,0,0,4447341069.37,4600358667.40,4627781784.65,4456005112.29,5804878
1781294593,0,72460704,0,943861.26,5434347.44,1864135450.55,3434262859.55,4527989181.46,4838719058.86,4915568162.26,312576,6677331967,3135374621.92,1549282079.64,72460701,1000,1000,1000,0,0,0,0,0,0,4605076563.16,4698967735.34,4722645756.56,4592069033.36,5434544
1781294594,0,78036755,0,1003432,5575867.63,1989522660.92,3930191091.19,4583822748.15,4891500589.49,4984282894.85,312576,6769606655,3247748546.28,1545745277.98,78036752,1000,1000,1000,0,0,0,0,0,0,4733664082.04,4904224301.52,4932013933.16,4708046045.97,5576051
1781294595,0,83660285,0,1062089.27,5623486.72,2067985097.64,4089036644.59,4593450984.97,4922140169.47,5008361812.65,312576,6769606655,3342105221.86,1535374981.67,83660284,1000,1000,1000,0,0,0,0,0,0,4656691955.45,4751235134.42,4777388103.71,4651476003.64,5623532
1781294596,0,89257067,0,1118928.04,5597067.73,2154681356.41,4186441940.58,4624030398.83,4945972776.41,5033183572.58,312576,6769606655,3429376743.31,1525166053.46,89257066,1000,1000,1000,0,0,0,0,0,0,4724563612.06,4848766616.42,4870497048.37,4733905000.85,5596782
1781294597,0,94912598,0,1175098.80,5655741.92,2352465220.63,4280762110.00,4640545866.18,4962678226.30,5096393752.83,312576,6769606655,3509142553.01,1511883700.33,94912571,1000,1000,1000,0,0,0,0,0,0,4766748907.68,4880225237.07,4902623265.26,4768033163.30,5655505
1781294598,0,100549000,0,1229657.40,5636253.97,2490814419.49,4323344851.51,4659400212.90,5029451024.96,5152265007.09,312576,6769606655,3581149160.23,1499205720.85,100549000,1000,1000,1000,0,0,0,0,0,0,4797293824.93,4877228098.23,4895421607.48,4793677911.94,5636429
1781294599,0,106124635,0,1282160,5575152.63,2662172462.69,4361221720.04,4680213425.53,5083155913.36,5181161878.16,312576,6769606655,3648295670.80,1490024395.89,106124635,1000,1000,1000,0,0,0,0,0,0,4860420125.96,4951897058.67,4971720532.45,4859191737.55,5575635
1781294600,0,111684597,0,1333216.95,5560636.07,2863348332.91,4410494330.05,4708883213.38,5108179702.97,5220911231.30,312576,6769606655,3713399044.33,1480271316.22,111684597,1000,1000,1000,0,0,0,0,0,0,4946318670.18,5087446223.67,5112321747.42,4956046341.95,5559962
1781294601,0,117209319,0,1382664.97,5524749.87,3034935048.18,4450117826.39,4738205149.94,5174384858.68,5304165930.31,312576,6769606655,3778566022.92,1473438769.14,117209321,1000,1000,1000,0,0,0,0,0,0,5099197369.81,5191596940.81,5215241397.29,5095943640.54,5524724
1781294602,0,122752410,0,1431171.16,5543064.60,3161883329.08,4480325699.57,4764598381.00,5224432711.89,5340645613.48,312576,6769606655,3835204999.42,1465949419.99,122752408,1000,1000,1000,0,0,0,0,0,0,5033136879.66,5136254782.23,5157620676.01,5032843783.96,5543087
1781294603,0,128387224,0,1479621.75,5634813.34,3261545193.00,4514328833.61,4821268857.57,5283234279.90,5381136054.83,312576,6803161087,3894285228.50,1460151964.03,128387224,1000,1000,1000,0,0,0,0,0,0,5183768188.77,5275181672.44,5300046435.70,5181326435.23,5634816
1781294604,0,133893975,0,1525506.11,5506835.17,3333118943.94,4542783866.53,4879759759.26,5317757529.39,5429236243.48,312576,6803161087,3946532234.67,1453573247.90,133893969,1000,1000,1000,0,0,0,0,0,0,5174185006.86,5258873729.27,5281071335.30,5164647125.63,5506745
1781294605,0,139515934,0,1571654.88,5621603.61,3442417089.23,4568280489.36,4926102623.62,5372291804.62,5485457533.50,312576,6819938303,4001913264.47,1450451805.86,139515934,1000,1000,1000,0,0,0,0,0,0,5319186778.63,5406117013.83,5424331764.48,5320880189.12,5621965
1781294606,0,145236580,0,1617866.28,5720780.77,3558550397.58,4596292018.73,4980754298.24,5406468968.10,5549873090.92,312576,6954156031,4054458808.62,1447410732.93,145236580,1000,1000,1000,0,0,0,0,0,0,5330726961.51,5501128007.58,5527060095.71,5335947065.51,5720646
1781294607,0,150888151,0,1662302.97,5651296.29,3738537136.73,4625775728.13,5038105040.82,5483491435.60,5655204431.66,312576,7134511103,4103675806.58,1442995156.03,150888151,1000,1000,1000,0,0,0,0,0,0,5371848817.97,5477983747.65,5501846194.05,5368476064.83,5651571
1781294608,0,156529613,0,1705662.87,5641319.62,3931846104.26,4649682883.11,5076949326.49,5571262765.69,5685117202.24,312576,7394557951,4147383687.44,1439030034.09,156529613,1000,1000,1000,0,0,0,0,0,0,5323881854.21,5427838865.32,5453108380.74,5316407129.87,5641462
1781294609,0,161809047,0,1744187.42,5279470.73,4044770570.91,4670095484.09,5118024089.53,5622610182.56,5752424904.03,312576,7516192767,4193997910.92,1438908018.66,161809047,1000,1000,1000,0,0,0,0,0,0,5576042820.30,5669180009.24,5693950561.12,5576060147.50,5279434
1781294610,0,167545269,0,1786765.50,5736099.75,4111572427.45,4691982957.16,5150351329.78,5688045372.30,5806622473.01,312576,7516192767,4244724717.43,1440103800.64,167545269,1000,1000,1000,0,0,0,0,0,0,5673333087.01,5769325690.03,5790466047.63,5675641480.77,5736222
1781294611,0,173265388,0,1828271.04,5720889.48,4153646795.12,4711469841.83,5179299574.80,5736031855.38,5880735025.26,312576,7738490879,4291044969.81,1439398715.07,173265387,1000,1000,1000,0,0,0,0,0,0,5651386326.78,5807772411.96,5829485461.55,5647789558.80,5720118
1781294612,0,178680672,0,1865727.13,5415153.95,4206525110.45,4732904373.04,5204371140.06,5776618439.86,5958077268.82,312576,7948206079,4331968095.09,1438566642.70,178680671,1000,1000,1000,0,0,0,0,0,0,5648782554.45,5737084121.58,5758576924.40,5641328996.60,5415284
1781294613,0,184125928,0,1902710.87,5445360.19,4240122243.77,4757421647.05,5230068511.10,5856580773.71,6026326650.69,312576,8237613055,4373328397.74,1439127459.19,184125893,1000,1000,1000,0,0,0,0,0,0,5734424101.50,5851931718.08,5872380155.37,5730534151.78,5445222
1781294614,0,189839324,0,1941685.84,5713471.22,4298540778.20,4800222008.58,5312908493.90,5926723545.79,6053504453.91,312576,8321499135,4418618362.01,1442112451.09,189839324,1000,1000,1000,0,0,0,0,0,0,5878743111.80,5984766942.80,6009926082.71,5878171319.70,5713431
1781294615,0,195482358,0,1979163.03,5642974.31,4322203591.20,4836925452.83,5392619465.31,5971692238.15,6105988578.85,312576,8321499135,4460628884.73,1443374787.95,195482358,1000,1000,1000,0,0,0,0,0,0,5888792458.26,5981479598.91,6006691881.44,5873919896.97,5643034
1781294616,0,201083810,0,2015469.23,5601700.51,4340782316.29,4870867134.32,5439238285.59,6007015568.49,6156608161.24,312576,8321499135,4499094489.28,1442845073.28,201083810,1000,1000,1000,0,0,0,0,0,0,5869159024.67,5976602534.27,5996796781.27,5841486976.11,5601452
1781294617,0,206690475,0,2051103.20,5606430.71,4359580064.84,4887272679.28,5472727273.02,6042510784.54,6229508189.84,312576,8321499135,4531416387.96,1441196075.32,206690475,1000,1000,1000,0,0,0,0,0,0,5698808306.77,5826967116.96,5851909967.13,5690645721.70,5606665
1781294618,0,212147575,0,2084571.11,5456926.31,4369158210.64,4907133101.41,5509887022.11,6105575820.83,6309136213.57,312576,8321499135,4567435648.26,1443131929.97,212147575,1000,1000,1000,0,0,0,0,0,0,5956854831.33,6050194067.52,6069921835.08,5931683695.79,5457100
1781294619,0,217801815,0,2119300.87,5654499.05,4376791175.18,4932019044.69,5540659048.05,6158037910.66,6349567086.85,312576,8321499135,4600078145.07,1444099113.43,217801815,1000,1000,1000,0,0,0,0,0,0,5831478270.88,5977641196.77,6003118154.22,5824827455.35,5654240
1781294620,0,223410405,0,2152925.22,5608501.08,4383796813.33,4968837456.14,5573999467.68,6237357877.35,6402416794.98,312576,8321499135,4632247351.71,1446886227.41,223410402,1000,1000,1000,0,0,0,0,0,0,5884665539.49,5978123386.88,5997421441.07,5881494549.65,5608587
1781294621,0,229071625,0,2186414.40,5660896.19,4405675415.77,5000891627.83,5607860234.46,6293501474.48,6444217866.94,312576,8480882687,4668872353.43,1450325342.38,229071625,1000,1000,1000,0,0,0,0,0,0,6087849375.44,6252777017.32,6274712942.89,6114214880.45,5661223
1781294622,0,234511727,0,2217180.16,5439844.16,4407286000.13,5036811697.20,5655960910.00,6331694092.06,6499313637.42,312576,8577351679,4702941552.44,1454371769.21,234511727,1000,1000,1000,0,0,0,0,0,0,6146779300.84,6250865689.20,6273440492.70,6137526194.41,5440102
1781294623,0,239728503,0,2245274.39,5216687.38,4419121957.50,5055342933.31,5688344671.25,6375391090.74,6524869215.88,312576,8577351679,4733566255.28,1457176412.49,239728503,1000,1000,1000,0,0,0,0,0,0,6107696414.93,6208116666.42,6229000338.64,6110250236.25,5216776
1781294624,0,243254553,0,2257163.34,3526642.62,4427755660.69,5068311364.47,5710173545.53,6399291863.63,6590434851.09,312576,8577351679,4761011048.86,1464106422.70,243254553,1000,1000,1000,0,0,0,0,0,0,6636895727.19,6778061303.91,6799919917.34,6626923126.15,3526050
1781294625,0,246653239,0,2267655.43,3398494.87,4436522827.58,5075746413.64,5731106142.80,6431932506.96,6822731846.28,312576,8577351679,4786782232.16,1473110449.83,246653239,1000,1000,1000,0,0,0,0,0,0,6630986894.45,6777569992.98,6796722808.78,6631306166.82,3398686
1781294626,0,250215236,0,2279450.47,3561882.38,4447300713.47,5085056659.46,5751814438.13,6486751338.67,6976944531.84,312576,9193914367,4814642330.81,1484177071.12,250215236,1000,1000,1000,0,0,0,0,0,0,6734200303.17,6959008064.12,6977925174.14,6743836423.69,3561997
1781294627,0,253704133,0,2290372.60,3489165.59,4465181991.88,5099161828.79,5777399734.06,6514466266.46,7388678844.50,312576,9982443519,4852271450.14,1508343880.93,253704133,1000,1000,1000,0,0,0,0,0,0,7547068879.51,7739430627.99,7759771734.75,7550940678.21,3488897
1781294628,0,256998418,0,2299355.06,3294028.81,4472268040.91,5109539761.91,5801129030.33,6716321263.37,7826131047.75,312576,10452205567,4893874392.07,1544887799.03,256998418,1000,1000,1000,0,0,0,0,0,0,8116394359.70,8248187139.22,8268683069.61,8097858963.47,3294285
1781294629,0,260423884,0,2309340.11,3425447.75,4481841909.85,5121023294.92,5829539493.04,6961036741.59,8166082362.83,312576,11031019519,4935158508.26,1582966067.68,260423884,1000,1000,1000,0,0,0,0,0,0,8031128342.33,8230440475.41,8244705790.81,8032533449.12,3425466
1781294630,0,263973227,0,2320245.46,3549724.58,4490887727.05,5134825986.26,5860393609.50,7212826601.41,8685794288.19,312576,11634999295,4983012163.97,1633969459.36,263973227,1000,1000,1000,0,0,0,0,0,0,8501224939.03,8668037710.15,8682168843.15,8494150670.81,3549343
1781294631,0,267336674,0,2329334.18,3363183.44,4496867606.33,5147829628.29,5892474362.53,7587697010.99,8981243754.97,312576,12046041087,5030316266.58,1686543984.09,267336672,1000,1000,1000,0,0,0,0,0,0,8735904462.15,8924521055.22,8944712812.24,8742883773.19,3363445
1781294632,0,270679991,0,2338091.81,3343413.25,4509618987.80,5161871574.93,5955146472.74,8064011434.09,9370385788.65,312576,12046041087,5088180530.72,1754843049.16,270679988,1000,1000,1000,0,0,0,0,0,0,9717198456.18,9942771873.24,9972830350.21,9715095785.86,3343316
1781294633,0,274180067,0,2348044.86,3500272.66,4517614499.39,5173771555.39,6011513373.32,8434373109.76,9787131963.43,312576,12666798079,5145115512.43,1824847045.26,274180067,1000,1000,1000,0,0,0,0,0,0,9532561095.71,9714330151.91,9728630529.12,9548204747.35,3500079
1781294634,0,277501899,0,2356313.93,3321499.60,4523618169.68,5209774561.38,6050431792.36,8824700396.79,10049687174.34,312576,13472104447,5204580508.95,1894526679.26,277501899,1000,1000,1000,0,0,0,0,0,0,10125023537.63,10320353554.93,10352264630.57,10112750678.65,3321832
1781294635,0,280799036,0,2364237.42,3297369.38,4530584603.50,5232222964.37,6090127369.72,9108333666.34,10497897955.51,312576,14168358911,5269531477.56,1972913198.06,280799036,1000,1000,1000,0,0,0,0,0,0,10735309511.48,10914985652.21,10933784470.54,10736097510.20,3297137
1781294636,0,284201267,0,2372907.25,3402125.56,4535796028.09,5252726358.06,6125267821.10,9526938641.26,10906156996.78,312576,14755561471,5334166775.12,2055262552.04,284201267,1000,1000,1000,0,0,0,0,0,0,10633974912.33,10865668390.50,10880778275.51,10668763175.98,3402231
1781294637,0,287604711,0,2381444.73,3403421.86,4542614101.28,5280767750.69,6147157246.85,9828274927.93,11246214213.05,312576,15762194431,5398603165.55,2136769649.44,287604709,1000,1000,1000,0,0,0,0,0,0,10878423367.39,11009800913.50,11027662230.45,10779304173.77,3403442
1781294638,0,290999296,0,2389763.92,3394541.52,4553116884.59,5317404318.57,6170281337.90,10124468854.01,11542848292.41,312576,16265510911,5468809525.87,2225083456.91,290999296,1000,1000,1000,0,0,0,0,0,0,11391305642.03,11806771220.93,11830664748.49,11417008770.84,3394587
1781294639,0,295655281,0,2408222.16,4656141.61,4566407250.66,5343255740.77,6202818023.34,10610461804.49,11954243441.64,312576,16903045119,5564497936.42,2343953992.50,295655281,1000,1000,1000,0,0,0,0,0,0,11649754504.04,11742235812.62,11758402160.87,11545028394.10,4655985
1781294640,0,300556848,0,2428369.92,4901659.95,4580907223.20,5368865129.35,6264094057.38,11059422438.79,12146295920.92,312576,17330864127,5665951972.97,2453548247.56,300556848,1000,1000,1000,0,0,0,0,0,0,11800275259.13,12160494831.58,12183762624.40,11785509593.37,4901567
1781294641,0,305794594,0,2450886.32,5237542.55,4597736437.76,5393045120.42,6310739004.04,11441164059.54,12259079548.01,312576,17414750207,5766405798.77,2559203526.18,305794594,1000,1000,1000,0,0,0,0,0,0,11574170841.78,11755386793.59,11782137035.50,11530733670.08,5237746
1781294642,0,310120188,0,2465792.30,4325125.66,4610698234.30,5419248097.64,6356198194.40,11648170710.92,12294221715.81,312576,17733517311,5840787254.92,2625626960.01,310120188,1000,1000,1000,0,0,0,0,0,0,11083710384.82,11445693921.13,11467693384.47,11099128001.98,4325594
1781294643,0,314210079,0,2478610.90,4090319.95,4622623471.26,5458049161.15,6421391048.16,11721917389.46,12335285937.54,312576,17733517311,5908286137.90,2673177312.75,314210079,1000,1000,1000,0,0,0,0,0,0,11056962980.51,11390492156.51,11406906437.61,11026458304.38,4089891
1781294644,0,318299251,0,2491216.19,4089290.53,4633309396.81,5491200136.97,6579214725.35,11775034217.00,12485139305.72,312576,17733517311,5976656485.83,2727012636.35,318299251,1000,1000,1000,0,0,0,0,0,0,11305575509.13,11611262050.83,11633251916.92,11230202294.91,4089172
1781294645,0,322031595,0,2500854.46,3732313.78,4642467631.49,5521985869.15,6675042969.18,11836698254.25,12516771747.58,312576,17733517311,6034787060.82,2767635390.58,322031595,1000,1000,1000,0,0,0,0,0,0,11088808562.05,11256131112.32,11274196873.14,10992239664.01,3732344
1781294646,0,325385047,0,2507418.39,3353244.86,4649339790.13,5539651580.77,6832593659.81,11936706902.86,12546884282.30,312576,17733517311,6086179396.70,2807018222.38,325385047,1000,1000,1000,0,0,0,0,0,0,11194053904.00,11342689194.44,11362039834.86,11021379273.35,3353452
1781294647,0,328189707,0,2509697.49,2804833.44,4651254049.16,5541042346.68,7166270984.97,11997421957.11,12661548549.29,312576,17733517311,6140894686.12,2859050542.41,328189700,1000,1000,1000,0,0,0,0,0,0,12516792576.77,13003877271.53,13029084619.98,12488751985.00,2804653
1781294648,0,329269545,0,2498842.90,1079643.79,4652518349.74,5540732950.51,7298438167.12,12003795763.28,12668573256.38,300288,17733517311,6159978993.76,2872952873.93,329269545,1000,1000,1000,0,0,0,0,0,0,12260782879.26,12526035870.25,12554931722.83,11960138461.89,1079845
1781294649,0,329289540,0,2480173.87,19996.46,4652459680.40,5540552206.87,7298375111.06,12003803682.29,12668581609.91,300288,17733517311,6159605088.38,2873289061.14,329289540,1000,1000,1000,0,0,0,0,0,0,2142357.87,4119673.86,6048983.48,2283040.70,19995
1781294650,0,329309536,0,2461783.13,19996.63,4652439666.56,5540329367.02,7298334540.40,12003811759.36,12668590107.33,300288,17733517311,6159231202.37,2873625170.05,329309536,1000,1000,1000,0,0,0,0,0,0,2147425.73,3549380.06,3840872.95,2162156.61,19996
1781294651,0,329329542,0,2443664.98,20006.20,4652338526.93,5540174526.02,7298253685.87,12003819714.93,12668598509.57,300288,17733517311,6158857173.01,2873961290.96,329329542,1000,1000,1000,0,0,0,0,0,0,2100573.46,3488356.60,3900673.58,2132387.14,20006
1781294652,0,329349545,0,2425812.87,20002.14,4652161339.75,5540014519.61,7298190654.60,12003827681.91,12668606913.13,300288,17733517311,6158483245.47,2874297222.81,329349545,1000,1000,1000,0,0,0,0,0,0,2117487.05,3489204.13,3775694.69,2137465.20,20003
1781294653,0,329369543,0,2408221.50,19996.84,4651964471.81,5539894827.63,7297815089.08,12003592207.89,12668615385.11,300288,17733517311,6158109454.17,2874632965.56,329369543,1000,1000,1000,0,0,0,0,0,0,2083550.56,3454496.13,3757316.86,2094104.18,19998
1781294654,0,329389546,0,2390886.40,20002.96,4651967442.91,5539771595.11,7297564676.40,12003600149.64,12668623752.02,300288,17733517311,6157735618.19,2874968596.51,329389546,1000,1000,1000,0,0,0,0,0,0,2121309.88,3534597.90,3884899.89,2149646.15,20003
1781294655,0,329409548,0,2373801.21,20001.94,4651948176.93,5539528326.80,7297273937.05,12003608147.67,12668632191.18,300288,17733517311,6157361843.84,2875304082.22,329409548,1000,1000,1000,0,0,0,0,0,0,2078392.99,3468848.71,3728121.09,2109241.92,20002
1781294656,0,329429547,0,2356960.45,19998.95,4651848472.65,5539410271.80,7297255334.75,12003616153.41,12668640630.18,300288,17733517311,6156988173.85,2875639376.67,329429547,1000,1000,1000,0,0,0,0,0,0,2158707.33,3504264.63,3957249.28,2157394.56,19999
1781294657,0,329449549,0,2340360.07,20003.16,4651765387.74,5539205871.25,7297040327.49,12003542939.21,12668649017.95,300288,17733517311,6156614494.26,2875974566.99,329449549,1000,1000,1000,0,0,0,0,0,0,2140025.38,3575497.48,4221481.85,2174889.59,20002
1781294658,0,329469546,0,2323991.98,19995.96,4651682536.74,5539209657.36,7297044233.62,12003550930.88,12668657444.24,300288,17733517311,6156240949.75,2876309533.91,329469546,1000,1000,1000,0,0,0,0,0,0,2064000.79,3492198.07,3636625.03,2114450.24,19997
1781294659,0,329489544,0,2307854.80,19998.99,4651513886.94,5539171068.43,7297048185.93,12003558871.45,12668665823.63,300288,17733517311,6155867434.14,2876644394.72,329489544,1000,1000,1000,0,0,0,0,0,0,2103823.44,3576545.58,3911031.36,2151128.17,19998
1781294660,0,329509546,0,2291941.17,20001.78,4651347943.25,5539093686.80,7296679237.60,12003566878.67,12668674262.72,300288,17733517311,6155493886.74,2876979164.26,329509546,1000,1000,1000,0,0,0,0,0,0,2063137.84,3456438.56,3691896.31,2111022.51,20002
1781294661,0,329529548,0,2276247.97,20002.40,4651234305.66,5539097486.23,7295360407.74,12003574884.11,12668682703.05,300288,17733517311,6155120388.35,2877313793.78,329529548,1000,1000,1000,0,0,0,0,0,0,2159106.84,3558542.14,4049309.58,2171513.44,20002
1781294662,0,329549544,0,2260769.62,19995.91,4651175888.11,5538975903.45,7295194764.35,12003582819.66,12668691071.37,300288,17733517311,6154747046.01,2877648182.28,329549544,1000,1000,1000,0,0,0,0,0,0,2126585.52,3519243.03,3814050.98,2149801.17,19996
1781294663,0,329569544,0,2245502.42,20000.18,4650864411.59,5538979691.83,7295029093.65,12003590836.17,12668699531.68,300288,17733517311,6154373670.76,2877982489.47,329569544,1000,1000,1000,0,0,0,0,0,0,2048000.84,3437386.57,3648121.78,2091492.80,20000
1781294664,0,329589546,0,2230442.21,20002.55,4650826809.78,5538960970.01,7294907354.09,12003598820.04,12668707934.26,300288,17733517311,6154000321.52,2878316661.83,329589546,1000,1000,1000,0,0,0,0,0,0,2270167.89,4435271.88,6085361.82,2388569.46,20002
1781294665,0,329609548,0,2215582.86,20000.62,4650764366.82,5538942253.97,7294782029.70,12003525615.00,12668716343.21,300288,17733517311,6153627002.51,2878650721.88,329609548,1000,1000,1000,0,0,0,0,0,0,2122244.73,3511212.47,4059303.94,2139998.90,20002
1781294666,0,329629546,0,2200924.06,19999.28,4650645579.99,5538946047.26,7294747337.73,12003533594.70,12668724762.85,300288,17733517311,6153253802.92,2878984576.07,329629546,1000,1000,1000,0,0,0,0,0,0,2099016.20,3476248.88,3806297.02,2131373.41,19998
1781294667,0,329649547,0,2186458.69,20001.17,4650525069.47,5538949840.20,7294666473.46,12003541563.39,12668733157.20,300288,17733517311,6152880592.46,2879318344.46,329649547,1000,1000,1000,0,0,0,0,0,0,2088394.14,3481027.74,3804103.45,2128338.27,20001
1781294668,0,329669547,0,2172183.56,19999.43,4650465214.65,5538828203.71,7294354917.68,12003549535.41,12668741567.16,300288,17733517311,6152507445.40,2879651942.14,329669547,1000,1000,1000,0,0,0,0,0,0,2087981.28,3466548.56,3712916.81,2119528.28,20000
1781294669,0,329689548,0,2158095.17,20000.16,4650387295.81,5538705054.68,7294275489.55,12003472878.17,12668749971.43,300288,17733517311,6152134327.09,2879985427.65,329689548,1000,1000,1000,0,0,0,0,0,0,2120805.86,3543801.33,3895329.30,2154493.50,20001
1781294670,0,329709546,0,2144190.81,19998.32,4650309094.03,5538498789.97,7294115155.76,12003480834.10,12668758359.35,300288,17733517311,6151761308.83,2880318721.44,329709546,1000,1000,1000,0,0,0,0,0,0,2089686.68,3539582.96,3900572.81,2135313.63,19998
1781294671,0,329729546,0,2130466.82,20001.42,4650059477.08,5538419469.99,7293779906.23,12003488821.78,12668766781.08,300288,17733517311,6151388300.40,2880651896.24,329729546,1000,1000,1000,0,0,0,0,0,0,2116344.96,3610510.56,4277073.74,2166261.20,20000
1781294672,0,329749545,0,2116917.05,19997.51,4649860883.56,5538297115.45,7293743247.36,12003496777.66,12668775176.10,300288,17733517311,6151015354.52,2880984893.97,329749545,1000,1000,1000,0,0,0,0,0,0,2121862.69,3530344.66,3882896.30,2144232.52,19999
1781294673,0,329769547,0,2103541.26,20002.14,4649841349.25,5538197776.39,7292724684.66,12003504759.45,12668783589.46,300288,17733517311,6150642398.56,2881317825.91,329769547,1000,1000,1000,0,0,0,0,0,0,2110215.32,3537013.16,3753663.54,2154293.16,20002
1781294674,0,329789545,0,2090335.23,19998.49,4649737175.56,5538080627.51,7292523753.31,12003512719.99,12668791979.80,300288,17733517311,6150269560.25,2881650547.22,329789545,1000,1000,1000,0,0,0,0,0,0,2070497.81,3521763.27,3855233.45,2118786.18,19998
1781294675,0,329809545,0,2077294.81,19999.28,4649657514.01,5538003795.46,7292527680.86,12003520672.16,12668754336.14,300288,17733517311,6149896730.35,2881983158.71,329809545,1000,1000,1000,0,0,0,0,0,0,2086401.66,3512608.79,3740983.32,2126559.53,20000
1781294676,0,329829546,0,2064417.53,20000.14,4649637984.81,5537783993.90,7292487111.72,12003528676.27,12668762779.92,300288,17733517311,6149523927.90,2882315672.15,329829546,1000,1000,1000,0,0,0,0,0,0,2114118.55,3523026.13,3798498.56,2140945.93,20001
1781294677,0,329849540,0,2051701.76,19995.39,4649598619.40,5537746958.75,7292446540.30,12003536578.54,12668771106.82,300288,17733517311,6149151301.96,2882647868.84,329849540,1000,1000,1000,0,0,0,0,0,0,2123697.41,3548084.23,3888091.87,2154894.29,19994
1781294678,0,329869546,0,2039142.76,20006.21,4649436815.28,5537630283.77,7284206258.08,12003459965.14,12668601645.02,300288,17733517311,6148778498.55,2882980159.83,329869546,1000,1000,1000,0,0,0,0,0,0,2116457.64,3603499.63,4150168.22,2170922.50,20006
1781294679,0,329889547,0,2026737.78,20000.95,4649312688.49,5537570269.31,7284165688.29,12003467924.79,12668610036.84,300288,17733517311,6148405830.52,2883312254.19,329889547,1000,1000,1000,0,0,0,0,0,0,2093134.61,3513638.56,3777131.92,2121459.12,20001
1781294680,0,329909539,0,2014484.54,19992.64,4649128669.43,5537535130.88,7284045905.95,12003391205.47,12668618381.13,300288,17733517311,6148033387.33,2883643920.84,329909539,1000,1000,1000,0,0,0,0,0,0,2181233.63,4094134.57,6408644.20,2319354.37,19992
1781294681,0,329929542,0,2002379.26,20002.12,4648987356.35,5537538945.01,7283710377.78,12003399195.43,12668626794.04,300288,17733517311,6147660775.25,2883975806.62,329929542,1000,1000,1000,0,0,0,0,0,0,2143013.79,3587632.43,3983604.72,2168572.97,20003
1781294682,0,329949546,0,1990420.32,20003.66,4648947933.83,5537542741.59,7283625336.85,12003407187.27,12668635232.90,300288,17733517311,6147288188.81,2884307505.02,329949546,1000,1000,1000,0,0,0,0,0,0,2105961.17,3554017.26,3796581.79,2153437.35,20004
1781294683,0,329969546,0,1978605.15,20000.13,4648808256.48,5537500990.75,7283212338.42,12003415113.13,12668643590.32,300288,17733517311,6146915720.49,2884638980.47,329969546,1000,1000,1000,0,0,0,0,0,0,2082123.80,3525174.50,3759119.79,2128161.25,20000
1781294684,0,329989546,0,1966930.33,19999.25,4648664807.11,5537404503.04,7283042482.54,12003338450.17,12668651987.48,300288,17733517311,6146543297.11,2884970327.25,329989546,1000,1000,1000,0,0,0,0,0,0,2089295.59,3512236.88,3726679.78,2124540.84,20000
1781294685,0,330009541,0,1955394.51,19995.57,4648478861.20,5537207235.09,7283046390.45,12003346351.54,12668570280.46,300288,17733517311,6146171014.94,2885301428.63,330009541,1000,1000,1000,0,0,0,0,0,0,2137060.22,3593221.81,4227904.95,2173896.79,19995
1781294686,0,330029546,0,1943995.15,20006.40,4648334664.93,5537168634.30,7282885337.29,12003354367.93,12668578735.84,300288,17733517311,6145798598.15,2885632574.05,330029546,1000,1000,1000,0,0,0,0,0,0,2101328.34,4312934.36,6330400.27,2279810.80,20005
1781294687,0,330049546,0,1932728.07,19999.39,4648237392.09,5537068121.15,7282562837.77,12003362325.93,12668587114.79,300288,17733517311,6145426314.56,2885963494.86,330049546,1000,1000,1000,0,0,0,0,0,0,2106144.28,3585735.29,4879168.13,2197047.29,20000
1781294688,0,330069546,0,1921592.51,19999.77,4648201737.76,5537006500.63,7282152701.82,12003370273.25,12668595505.72,300288,17733517311,6145054072.86,2886294283.04,330069546,1000,1000,1000,0,0,0,0,0,0,2058623.10,3569429.02,4340709.71,2143918.90,20000
1781294689,0,330089538,0,1910585.38,19991.11,4648120544.74,5536925622.73,7281824136.11,12003293567.46,12668603863.69,300288,17733517311,6144682025.46,2886624771.06,330089538,1000,1000,1000,0,0,0,0,0,0,2098420.55,3617169.18,4240088.28,2149087.46,19992
1781294690,0,330109544,0,1899706.28,20007.50,4648123521.49,5536719777.56,7281574157.72,12003301532.82,12668612261.98,300288,17733517311,6144309766.81,2886955391.06,330109544,1000,1000,1000,0,0,0,0,0,0,2136281.25,3740520.93,5535866.76,2218103.29,20006
1781294691,0,330129550,0,1888950.21,20004.69,4648014020.03,5536553104.96,7281218162.02,12002949327.91,12668620668.17,300288,17733517311,6143937544.86,2887285889.05,330129550,1000,1000,1000,0,0,0,0,0,0,2031866.01,3469473.87,3995542.89,2079276.95,20006
1781294692,0,330149540,0,1878317.53,19990.55,4647974568.20,5536435928.48,7281183167.50,12002957211.47,12668628985.74,300288,17733517311,6143565670.42,2887615926.55,330149540,1000,1000,1000,0,0,0,0,0,0,2121596.99,3582607.61,4176615.10,2157863.12,19990
1781294693,0,330169547,0,1867805.39,20008.02,4647870891.86,5536133827.61,7280764721.06,12002700503.83,12668637427.52,300288,17733517311,6143193522.92,2887946141.57,330169547,1000,1000,1000,0,0,0,0,0,0,2103695.45,3542784.32,3806700.86,2126646.39,20007
1781294694,0,330189542,0,1857410.66,19994.58,4647830128.78,5535931556.31,7280683817.75,12002708436.25,12668555752.42,300288,17733517311,6142821643.69,2888275980.63,330189542,1000,1000,1000,0,0,0,0,0,0,2073727.80,3594910.91,4298884.77,2126626.39,19995
1781294695,0,330209543,0,1847132.58,20001.11,4647750509.94,5535893030.99,7280348574.05,12002716356.12,12668564099.34,300288,17733517311,6142449699.43,2888605823.16,330209543,1000,1000,1000,0,0,0,0,0,0,2102655.24,3539742.91,4403804.97,2151439.47,20001
1781294696,0,330229550,0,1836968.51,20006.24,4647732286.91,5535773524.73,7280267683.33,12002544265.72,12668572526.11,300288,17733517311,6142077690.27,2888935615.77,330229550,1000,1000,1000,0,0,0,0,0,0,2143448.83,3565484.39,4565907.47,2177859.35,20007
